yearID,bbrefID,Player,Team,WAR
2024,duranja01,Jarren Duran,BOS,9.0
2024,ohtansh01,Shohei Ohtani,LAD,9.0
2024,hendegu01,Gunnar Henderson,BAL,8.8
2024,semiema01,Marcus Semien,TEX,4.5
2024,sotoju01,Juan Soto,NYY,8.0
2024,wittbo02,Bobby Witt Jr.,KCR,9.6
2024,judgeaa01,Aaron Judge,NYY,10.9
2024,guerrvl02,Vladimir Guerrero Jr.,TOR,6.0
2024,delacel01,Elly De La Cruz,CIN,5.2
2024,alonspe01,Pete Alonso,NYM,2.5
2024,tovarez01,Ezequiel Tovar,COL,3.6
2024,reynobr01,Bryan Reynolds,PIT,3.6
2024,schwaky01,Kyle Schwarber,PHI,3.3
2024,lindofr01,Francisco Lindor,NYM,6.8
2024,volpean01,Anthony Volpe,NYY,3.5
2024,adamewi01,Willy Adames,MIL,3.2
2024,ozunama01,Marcell Ozuna,ATL,4.3
2024,olsonma02,Matt Olson,ATL,3.9
2024,carroco02,Corbin Carroll,ARI,3.3
2024,altuvjo01,Jose Altuve,HOU,3.2
2024,ramirjo01,José Ramírez,CLE,6.8
2024,contrwi02,William Contreras,MIL,5.0
2024,arraelu01,Luis Arraez,2TM,1.1
2024,arraelu01,Luis Arraez,MIA,0.2
2024,arraelu01,Luis Arraez,SDP,0.9
2024,profaju01,Jurickson Profar,SDP,3.6
2024,santaan02,Anthony Santander,BAL,2.7
2024,torregl01,Gleyber Torres,NYY,1.9
2024,nimmobr01,Brandon Nimmo,NYM,2.2
2024,wardta01,Taylor Ward,LAA,2.3
2024,casteni01,Nick Castellanos,PHI,0.6
2024,happia01,Ian Happ,CHC,3.9
2024,croneja01,Jake Cronenworth,SDP,1.9
2024,steersp01,Spencer Steer,CIN,1.5
2024,goldspa01,Paul Goldschmidt,STL,1.4
2024,donovbr01,Brendan Donovan,STL,2.8
2024,hernate01,Teoscar Hernández,LAD,4.1
2024,perezsa02,Salvador Perez,KCR,2.8
2024,penaje02,Jeremy Peña,HOU,3.9
2024,arozara01,Randy Arozarena,2TM,1.7
2024,arozara01,Randy Arozarena,TBR,0.7
2024,arozara01,Randy Arozarena,SEA,1.0
2024,chapmma01,Matt Chapman,SFG,7.1
2024,mcmahry01,Ryan McMahon,COL,2.3
2024,machama01,Manny Machado,SDP,3.1
2024,bledajj01,JJ Bleday,OAK,2.1
2024,hoernni01,Nico Hoerner,CHC,3.7
2024,paredis01,Isaac Paredes,2TM,2.7
2024,paredis01,Isaac Paredes,TBR,2.4
2024,paredis01,Isaac Paredes,CHC,0.4
2024,suareeu01,Eugenio Suárez,ARI,3.0
2024,freemfr01,Freddie Freeman,LAD,4.5
2024,rutscad01,Adley Rutschman,BAL,3.1
2024,garciad02,Adolis García,TEX,0.7
2024,indiajo01,Jonathan India,CIN,1.7
2024,winnma01,Masyn Winn,STL,5.1
2024,alvaryo01,Yordan Alvarez,HOU,5.2
2024,arenano01,Nolan Arenado,STL,2.7
2024,castrwi01,Willi Castro,MIN,1.6
2024,bregmal01,Alex Bregman,HOU,4.0
2024,gimenan01,Andrés Giménez,CLE,4.0
2024,naylojo01,Josh Naylor,CLE,1.5
2024,harpebr03,Bryce Harper,PHI,4.6
2024,raleica01,Cal Raleigh,SEA,4.6
2024,garcima01,Maikel Garcia,KCR,1.4
2024,delacbr01,Bryan De La Cruz,2TM,-1.1
2024,delacbr01,Bryan De La Cruz,MIA,0.1
2024,delacbr01,Bryan De La Cruz,PIT,-1.2
2024,diazya01,Yandy Díaz,TBR,1.6
2024,verdual01,Alex Verdugo,NYY,0.9
2024,chishja01,Jazz Chisholm Jr.,2TM,2.9
2024,chishja01,Jazz Chisholm Jr.,MIA,1.4
2024,chishja01,Jazz Chisholm Jr.,NYY,1.5
2024,diazya02,Yainer Diaz,HOU,3.1
2024,turanbr02,Brice Turang,MIL,4.8
2024,vaughan01,Andrew Vaughn,CHW,0.1
2024,rookebr01,Brent Rooker,OAK,5.6
2024,springe01,George Springer,TOR,0.9
2024,rodriju01,Julio Rodríguez,SEA,4.2
2024,morelch01,Christopher Morel,2TM,-0.6
2024,morelch01,Christopher Morel,CHC,0.3
2024,morelch01,Christopher Morel,TBR,-0.8
2024,schanno01,Nolan Schanuel,LAA,1.2
2024,bohmal01,Alec Bohm,PHI,2.8
2024,doylebr02,Brenton Doyle,COL,3.9
2024,belljo02,Josh Bell,2TM,-0.3
2024,belljo02,Josh Bell,MIA,-0.6
2024,belljo02,Josh Bell,ARI,0.3
2024,abramcj01,CJ Abrams,WSN,3.3
2024,arciaor01,Orlando Arcia,ATL,0.5
2024,netoza01,Zach Neto,LAA,5.1
2024,deverra01,Rafael Devers,BOS,3.9
2024,cruzon01,Oneil Cruz,PIT,2.6
2024,burleal01,Alec Burleson,STL,1.4
2024,santaca01,Carlos Santana,MIN,2.5
2024,merrija01,Jackson Merrill,SDP,4.5
2024,swansda01,Dansby Swanson,CHC,4.0
2024,smithjo11,Josh Smith,TEX,3.5
2024,suzukse01,Seiya Suzuki,CHC,3.5
2024,greenri03,Riley Greene,DET,5.3
2024,marteke01,Ketel Marte,ARI,6.8
2024,burgeja01,Jake Burger,MIA,0.8
2024,solerjo01,Jorge Soler,2TM,1.1
2024,solerjo01,Jorge Soler,SFG,1.0
2024,solerjo01,Jorge Soler,ATL,0.1
2024,chourja01,Jackson Chourio,MIL,3.9
2024,rafaece01,Ceddanne Rafaela,BOS,3.0
2024,stottbr01,Bryson Stott,PHI,2.3
2024,bellico01,Cody Bellinger,CHC,2.2
2024,buschmi02,Michael Busch,CHC,2.8
2024,vierlma01,Matt Vierling,DET,2.8
2024,lowena01,Nathaniel Lowe,TEX,3.0
2024,cowseco01,Colton Cowser,BAL,2.8
2024,langfwy01,Wyatt Langford,TEX,4.2
2024,keithco01,Colt Keith,DET,1.0
2024,pasquvi01,Vinnie Pasquantino,KCR,1.3
2024,gurrilo01,Lourdes Gurriel Jr.,ARI,1.9
2024,walkech02,Christian Walker,ARI,2.5
2024,gelofza01,Zack Gelof,OAK,1.4
2024,smithwi05,Will Smith,LAD,3.4
2024,kwanst01,Steven Kwan,CLE,4.0
2024,rodgebr02,Brendan Rodgers,COL,1.0
2024,turnetr01,Trea Turner,PHI,2.8
2024,turneju01,Justin Turner,2TM,1.4
2024,turneju01,Justin Turner,TOR,0.3
2024,turneju01,Justin Turner,SEA,1.1
2024,sanchje02,Jesús Sánchez,MIA,1.0
2024,francty01,Ty France,2TM,-0.6
2024,francty01,Ty France,SEA,-0.2
2024,francty01,Ty France,CIN,-0.4
2024,langesh01,Shea Langeliers,OAK,2.9
2024,seageco01,Corey Seager,TEX,5.2
2024,taverle01,Leody Taveras,TEX,0.7
2024,garcilu04,Luis García Jr.,WSN,2.2
2024,thomala02,Lane Thomas,2TM,0.3
2024,thomala02,Lane Thomas,WSN,0.4
2024,thomala02,Lane Thomas,CLE,-0.2
2024,frelisa01,Sal Frelick,MIL,2.2
2024,beninan01,Andrew Benintendi,CHW,-0.8
2024,ohopplo01,Logan O'Hoppe,LAA,2.7
2024,youngja03,Jacob Young,WSN,2.7
2024,ramoshe02,Heliot Ramos,SFG,2.3
2024,hoskirh01,Rhys Hoskins,MIL,-0.1
2024,bettsmo01,Mookie Betts,LAD,4.6
2024,mccutan01,Andrew McCutchen,PIT,0.9
2024,stephty01,Tyler Stephenson,CIN,2.4
2024,meyerja02,Jake Meyers,HOU,1.5
2024,varshda01,Daulton Varsho,TOR,4.8
2024,ortizjo06,Joey Ortiz,MIL,2.8
2024,winkeje01,Jesse Winker,2TM,1.9
2024,winkeje01,Jesse Winker,WSN,1.8
2024,winkeje01,Jesse Winker,NYM,0.1
2024,mountry01,Ryan Mountcastle,BAL,2.4
2024,sheetga01,Gavin Sheets,CHW,-1.0
2024,blackch02,Charlie Blackmon,COL,0.5
2024,mullice01,Cedric Mullins,BAL,2.4
2024,kineris01,Isiah Kiner-Falefa,2TM,3.5
2024,kineris01,Isiah Kiner-Falefa,TOR,3.1
2024,kineris01,Isiah Kiner-Falefa,PIT,0.5
2024,martijd02,J.D. Martinez,NYM,0.5
2024,mccarja02,Jake McCarthy,ARI,1.6
2024,ohearry01,Ryan O'Hearn,BAL,1.8
2024,heimjo01,Jonah Heim,TEX,1.4
2024,confomi01,Michael Conforto,SFG,1.3
2024,luxga01,Gavin Lux,LAD,2.0
2024,wongco01,Connor Wong,BOS,1.8
2024,ruizke01,Keibert Ruiz,WSN,0.6
2024,cabaljo01,José Caballero,TBR,1.6
2024,dejonpa01,Paul DeJong,2TM,0.9
2024,dejonpa01,Paul DeJong,CHW,0.2
2024,dejonpa01,Paul DeJong,KCR,0.7
2024,phamth01,Tommy Pham,3TM,-0.2
2024,phamth01,Tommy Pham,2TM,0.2
2024,phamth01,Tommy Pham,CHW,0.0
2024,phamth01,Tommy Pham,STL,-0.4
2024,phamth01,Tommy Pham,KCR,0.2
2024,marshbr02,Brandon Marsh,PHI,3.0
2024,rojasjo01,Josh Rojas,SEA,2.1
2024,yastrmi01,Mike Yastrzemski,SFG,2.1
2024,oneilty01,Tyler O'Neill,BOS,2.9
2024,mcneije01,Jeff McNeil,NYM,1.5
2024,harrimi04,Michael Harris II,ATL,3.2
2024,kimha01,Ha-Seong Kim,SDP,2.6
2024,polanjo01,Jorge Polanco,SEA,1.3
2024,rileyau01,Austin Riley,ATL,2.9
2024,jeffery01,Ryan Jeffers,MIN,2.1
2024,bogaexa01,Xander Bogaerts,SDP,1.2
2024,candeje01,Jeimer Candelario,CIN,-0.7
2024,canhama01,Mark Canha,2TM,0.5
2024,canhama01,Mark Canha,DET,0.5
2024,canhama01,Mark Canha,SFG,0.0
2024,urshegi01,Gio Urshela,2TM,0.6
2024,urshegi01,Gio Urshela,DET,-0.4
2024,urshegi01,Gio Urshela,ATL,1.0
2024,schuema01,Max Schuemann,OAK,0.8
2024,stantmi03,Giancarlo Stanton,NYY,0.8
2024,toglimi01,Michael Toglia,COL,2.1
2024,raleylu01,Luke Raley,SEA,3.2
2024,schneda03,Davis Schneider,TOR,-0.1
2024,vientma01,Mark Vientos,NYM,3.1
2024,clemeer01,Ernie Clement,TOR,3.3
2024,adelljo01,Jo Adell,LAA,0.8
2024,butlela01,Lawrence Butler,OAK,3.0
2024,crawfjp01,J.P. Crawford,SEA,2.7
2024,melenmj01,MJ Melendez,KCR,-0.7
2024,kelenja01,Jarred Kelenic,ATL,0.4
2024,pederjo01,Joc Pederson,ARI,2.8
2024,bailepa01,Patrick Bailey,SFG,1.7
2024,sirijo01,Jose Siri,TBR,1.8
2024,abreuwi02,Wilyer Abreu,BOS,3.6
2024,westbjo01,Jordan Westburg,BAL,2.3
2024,triolja01,Jared Triolo,PIT,1.4
2024,lopezni01,Nicky Lopez,CHW,0.1
2024,pagesan01,Andy Pages,LAD,1.2
2024,rocchbr01,Brayan Rocchio,CLE,1.9
2024,mooredy01,Dylan Moore,SEA,2.1
2024,tatisfe02,Fernando Tatis Jr.,SDP,2.7
2024,baderha01,Harrison Bader,NYM,0.9
2024,albieoz01,Ozzie Albies,ATL,1.6
2024,lopezot01,Otto Lopez,MIA,2.8
2024,perkibl01,Blake Perkins,MIL,1.9
2024,garvemi01,Mitch Garver,SEA,-0.2
2024,miranjo01,José Miranda,MIN,1.7
2024,dubonma01,Mauricio Dubón,HOU,1.0
2024,isbelky01,Kyle Isbel,KCR,2.0
2024,lowebr01,Brandon Lowe,TBR,2.4
2024,perezwe01,Wenceel Pérez,DET,0.6
2024,roberlu01,Luis Robert Jr.,CHW,1.3
2024,renfrhu01,Hunter Renfroe,KCR,0.1
2024,hanigmi01,Mitch Haniger,SEA,-0.2
2024,tellero01,Rowdy Tellez,PIT,-0.3
2024,yoshima02,Masataka Yoshida,BOS,1.6
2024,moniami01,Mickey Moniak,LAA,-0.1
2024,joeco01,Connor Joe,PIT,0.7
2024,wellsau01,Austin Wells,NYY,2.6
2024,realmjt01,J.T. Realmuto,PHI,2.9
2024,crowape01,Pete Crow-Armstrong,CHC,2.3
2024,nootbla01,Lars Nootbaar,STL,1.6
2024,singljo02,Jon Singleton,HOU,0.2
2024,gormano01,Nolan Gorman,STL,0.5
2024,wadela01,LaMonte Wade Jr.,SFG,2.0
2024,brownse01,Seth Brown,OAK,-0.6
2024,larnatr01,Trevor Larnach,MIN,1.3
2024,keplema01,Max Kepler,MIN,1.0
2024,hayeske01,Ke'Bryan Hayes,PIT,0.9
2024,leeko01,Korey Lee,CHW,0.0
2024,hernaen02,Kiké Hernández,LAD,1.2
2024,fryda01,David Fry,CLE,1.4
2024,espinsa01,Santiago Espinal,CIN,-0.4
2024,naylobo01,Bo Naylor,CLE,0.7
2024,bensowi01,Will Benson,CIN,-1.3
2024,buxtoby01,Byron Buxton,MIN,3.6
2024,perdoge01,Geraldo Perdomo,ARI,3.5
2024,gonzani01,Nick Gonzales,PIT,1.0
2024,lowejo01,Josh Lowe,TBR,0.7
2024,kirkal01,Alejandro Kirk,TOR,1.9
2024,freemty01,Tyler Freeman,CLE,0.9
2024,fraleja01,Jake Fraley,CIN,0.3
2024,estrath01,Thairo Estrada,SFG,-0.6
2024,horwisp01,Spencer Horwitz,TOR,1.1
2024,torkesp01,Spencer Torkelson,DET,0.2
2024,rizzoan01,Anthony Rizzo,NYY,0.2
2024,martest01,Starling Marte,NYM,0.6
2024,sosale01,Lenyn Sosa,CHW,-0.5
2024,fermifr01,Freddy Fermin,KCR,3.1
2024,correca01,Carlos Correa,MIN,3.7
2024,toroab01,Abraham Toro,OAK,0.6
2024,amayami01,Miguel Amaya,CHC,2.0
2024,rojasjo03,Johan Rojas,PHI,0.6
2024,delucjo01,Jonny DeLuca,TBR,0.6
2024,drurybr01,Brandon Drury,LAA,-2.1
2024,contrwi01,Willson Contreras,STL,3.0
2024,massemi02,Michael Massey,KCR,1.7
2024,brennwi02,Will Brennan,CLE,-0.2
2024,morenga01,Gabriel Moreno,ARI,2.6
2024,diazel01,Elias Díaz,2TM,1.2
2024,diazel01,Elias Díaz,COL,1.1
2024,diazel01,Elias Díaz,SDP,0.1
2024,tauchmi01,Mike Tauchman,CHC,0.6
2024,jimenel02,Eloy Jiménez,2TM,-0.8
2024,jimenel02,Eloy Jiménez,CHW,-0.6
2024,jimenel02,Eloy Jiménez,BAL,-0.3
2024,bauerja01,Jake Bauers,MIL,-0.3
2024,caveja01,Jake Cave,COL,-0.8
2024,rosaram01,Amed Rosario,3TM,-0.1
2024,rosaram01,Amed Rosario,2TM,-0.6
2024,rosaram01,Amed Rosario,TBR,0.5
2024,rosaram01,Amed Rosario,LAD,0.0
2024,rosaram01,Amed Rosario,CIN,-0.6
2024,tayloty01,Tyrone Taylor,NYM,2.0
2024,margoma01,Manuel Margot,MIN,-0.9
2024,alvarfr01,Francisco Alvarez,NYM,0.8
2024,darnatr01,Travis d'Arnaud,ATL,1.1
2024,fitzgty01,Tyler Fitzgerald,SFG,2.7
2024,friedtj01,TJ Friedl,CIN,0.5
2024,tuckeky01,Kyle Tucker,HOU,4.6
2024,rogerja03,Jake Rogers,DET,0.9
2024,rojasmi02,Miguel Rojas,LAD,3.4
2024,bichebo01,Bo Bichette,TOR,-0.3
2024,woodja03,James Wood,WSN,1.1
2024,forteni01,Nick Fortes,MIA,0.2
2024,merriwh01,Whit Merrifield,2TM,0.2
2024,merriwh01,Whit Merrifield,PHI,0.0
2024,merriwh01,Whit Merrifield,ATL,0.2
2024,sianimi01,Michael Siani,STL,0.8
2024,duvalad01,Adam Duvall,ATL,-1.4
2024,rortvbe01,Ben Rortvedt,TBR,0.9
2024,cabreos01,Oswaldo Cabrera,NYY,1.3
2024,lewisro02,Royce Lewis,MIN,0.7
2024,mckinza01,Zach McKinstry,DET,0.8
2024,janseda01,Danny Jansen,2TM,0.7
2024,janseda01,Danny Jansen,TOR,0.6
2024,janseda01,Danny Jansen,BOS,0.1
2024,andujmi01,Miguel Andujar,OAK,0.4
2024,rosared01,Eddie Rosario,2TM,-1.6
2024,rosared01,Eddie Rosario,WSN,-1.2
2024,rosared01,Eddie Rosario,ATL,-0.4
2024,hamilda03,David Hamilton,BOS,2.8
2024,palacri01,Richie Palacios,TBR,1.8
2024,vazquch01,Christian Vázquez,MIN,-0.2
2024,yelicch01,Christian Yelich,MIL,2.3
2024,pillake01,Kevin Pillar,2TM,0.3
2024,pillake01,Kevin Pillar,CHW,0.0
2024,pillake01,Kevin Pillar,LAA,0.3
2024,menesjo01,Joey Meneses,WSN,-0.6
2024,kellyca02,Carson Kelly,2TM,0.5
2024,kellyca02,Carson Kelly,DET,0.7
2024,kellyca02,Carson Kelly,TEX,-0.2
2024,newmake01,Kevin Newman,ARI,2.2
2024,solando01,Donovan Solano,SDP,1.0
2024,laurera01,Ramón Laureano,2TM,1.3
2024,laurera01,Ramón Laureano,CLE,0.0
2024,laurera01,Ramón Laureano,ATL,1.3
2024,refsnro01,Rob Refsnyder,BOS,0.9
2024,smithdo02,Dominic Smith,2TM,0.0
2024,smithdo02,Dominic Smith,BOS,0.2
2024,smithdo02,Dominic Smith,CIN,-0.1
2024,rengilu01,Luis Rengifo,LAA,1.8
2024,edwarxa01,Xavier Edwards,MIA,2.1
2024,vargail01,Ildemaro Vargas,WSN,-0.5
2024,riverem01,Emmanuel Rivera,2TM,-0.3
2024,riverem01,Emmanuel Rivera,MIA,-0.6
2024,riverem01,Emmanuel Rivera,BAL,0.2
2024,julieed01,Edouard Julien,MIN,-0.2
2024,uriasra01,Ramón Urías,BAL,1.4
2024,taylomi02,Michael A. Taylor,PIT,0.9
2024,campulu01,Luis Campusano,SDP,-0.7
2024,meadopa01,Parker Meadows,DET,2.1
2024,jonesno01,Nolan Jones,COL,-0.8
2024,carpeke01,Kerry Carpenter,DET,2.1
2024,roblevi01,Víctor Robles,2TM,3.1
2024,roblevi01,Víctor Robles,WSN,0.1
2024,roblevi01,Víctor Robles,SEA,3.0
2024,fraziad01,Adam Frazier,KCR,0.4
2024,muncyma01,Max Muncy,LAD,3.0
2024,iglesjo01,Jose Iglesias,NYM,3.0
2024,baezja01,Javier Báez,DET,-1.2
2024,duranez01,Ezequiel Durán,TEX,0.2
2024,bartjo01,Joey Bart,PIT,2.2
2024,stallja01,Jacob Stallings,COL,1.7
2024,kiermke01,Kevin Kiermaier,2TM,0.9
2024,kiermke01,Kevin Kiermaier,TOR,0.8
2024,kiermke01,Kevin Kiermaier,LAD,0.1
2024,sanchga02,Gary Sánchez,MIL,0.2
2024,grichra01,Randal Grichuk,ARI,2.2
2024,brujavi01,Vidal Bruján,MIA,0.6
2024,nevinty01,Tyler Nevin,OAK,-0.2
2024,suwinja01,Jack Suwinski,PIT,-1.7
2024,gordoni01,Nick Gordon,MIA,-1.6
2024,caratvi01,Victor Caratini,HOU,1.3
2024,sosaed01,Edmundo Sosa,PHI,2.2
2024,bridejo01,Jonah Bride,MIA,0.9
2024,wiselbr01,Brett Wisely,SFG,0.4
2024,mccorch01,Chas McCormick,HOU,-0.7
2024,senzeni01,Nick Senzel,2TM,-1.4
2024,senzeni01,Nick Senzel,WSN,-0.7
2024,senzeni01,Nick Senzel,CHW,-0.7
2024,carlsdy01,Dylan Carlson,2TM,-1.2
2024,carlsdy01,Dylan Carlson,STL,-0.9
2024,carlsdy01,Dylan Carlson,TBR,-0.3
2024,murphse01,Sean Murphy,ATL,1.3
2024,higasky01,Kyle Higashioka,SDP,1.4
2024,loperjo01,Joey Loperfido,2TM,0.4
2024,loperjo01,Joey Loperfido,HOU,0.3
2024,loperjo01,Joey Loperfido,TOR,0.2
2024,wallnma01,Matt Wallner,MIN,2.2
2024,gallojo01,Joey Gallo,WSN,0.2
2024,peralda01,David Peralta,SDP,0.8
2024,herreiv01,Iván Herrera,STL,1.8
2024,heywaja01,Jason Heyward,2TM,1.1
2024,heywaja01,Jason Heyward,LAD,0.8
2024,heywaja01,Jason Heyward,HOU,0.3
2024,martiau01,Austin Martin,MIN,-1.0
2024,haysau01,Austin Hays,2TM,-0.2
2024,haysau01,Austin Hays,BAL,0.2
2024,haysau01,Austin Hays,PHI,-0.4
2024,calhowi01,Willie Calhoun,LAA,-0.2
2024,wallsta01,Taylor Walls,TBR,1.4
2024,yepezju01,Juan Yepez,WSN,0.6
2024,monteel01,Elehuris Montero,COL,-1.7
2024,tayloch03,Chris Taylor,LAD,-0.2
2024,ramirha02,Harold Ramírez,2TM,-0.1
2024,ramirha02,Harold Ramírez,TBR,0.1
2024,ramirha02,Harold Ramírez,WSN,-0.2
2024,grossro01,Robbie Grossman,3TM,-0.2
2024,grossro01,Robbie Grossman,CHW,-0.1
2024,grossro01,Robbie Grossman,TEX,0.3
2024,grossro01,Robbie Grossman,KCR,-0.4
2024,ibanean01,Andy Ibáñez,DET,1.3
2024,casastr01,Triston Casas,BOS,0.7
2024,grandya01,Yasmani Grandal,PIT,0.7
2024,farmeky01,Kyle Farmer,MIN,-0.3
2024,florewi01,Wilmer Flores,SFG,-0.6
2024,marteno01,Noelvi Marté,CIN,-1.8
2024,anderti01,Tim Anderson,MIA,-1.3
2024,fletcdo01,Dominic Fletcher,CHW,-0.4
2024,rendoan01,Anthony Rendon,LAA,0.6
2024,vargami01,Miguel Vargas,2TM,-0.8
2024,vargami01,Miguel Vargas,LAD,0.2
2024,vargami01,Miguel Vargas,CHW,-1.0
2024,trevijo01,Jose Trevino,NYY,0.6
2024,faircst01,Stuart Fairchild,CIN,1.0
2024,mccanja02,James McCann,BAL,0.7
2024,hampsga01,Garrett Hampson,KCR,0.5
2024,malloju02,Justyn-Henry Malloy,DET,-0.5
2024,velazne01,Nelson Velázquez,KCR,-0.5
2024,lemahdj01,DJ LeMahieu,NYY,-1.5
2024,ahmedni01,Nick Ahmed,3TM,-0.4
2024,ahmedni01,Nick Ahmed,SFG,-0.2
2024,ahmedni01,Nick Ahmed,LAD,-0.1
2024,ahmedni01,Nick Ahmed,SDP,-0.2
2024,bargead01,Addison Barger,TOR,0.3
2024,goodmhu01,Hunter Goodman,COL,-0.9
2024,mitchga01,Garrett Mitchell,MIL,2.1
2024,biggica01,Cavan Biggio,3TM,0.1
2024,biggica01,Cavan Biggio,2TM,-0.4
2024,biggica01,Cavan Biggio,TOR,0.5
2024,biggica01,Cavan Biggio,LAD,-0.3
2024,biggica01,Cavan Biggio,ATL,-0.2
2024,valdeen01,Enmanuel Valdéz,BOS,-0.5
2024,acunaro01,Ronald Acuña Jr.,ATL,0.0
2024,schneda04,Daniel Schneemann,CLE,0.7
2024,pagespe02,Pedro Pagés,STL,0.8
2024,gonzaro01,Romy González,BOS,1.0
2024,soderty01,Tyler Soderstrom,OAK,0.5
2024,slateau01,Austin Slater,3TM,-0.3
2024,slateau01,Austin Slater,2TM,-0.7
2024,slateau01,Austin Slater,SFG,-0.3
2024,slateau01,Austin Slater,CIN,-0.4
2024,slateau01,Austin Slater,BAL,0.4
2024,lipsctr01,Trey Lipscomb,WSN,-0.2
2024,jimenle01,Leo Jiménez,TOR,0.9
2024,grishtr01,Trent Grisham,NYY,0.4
2024,stoweky01,Kyle Stowers,2TM,-0.4
2024,stoweky01,Kyle Stowers,BAL,0.2
2024,stoweky01,Kyle Stowers,MIA,-0.6
2024,hollija01,Jackson Holliday,BAL,0.0
2024,mateojo01,Jorge Mateo,BAL,0.8
2024,jankotr01,Travis Jankowski,TEX,0.4
2024,noeljh01,Jhonkensy Noel,CLE,1.0
2024,olivaed02,Edward Olivares,PIT,-0.7
2024,stewadj01,DJ Stewart,NYM,-0.8
2024,norbyco01,Connor Norby,2TM,0.3
2024,norbyco01,Connor Norby,BAL,0.1
2024,norbyco01,Connor Norby,MIA,0.3
2024,julksco01,Corey Julks,CHW,-1.1
2024,canzodo01,Dominic Canzone,SEA,0.2
2024,jungjo01,Josh Jung,TEX,0.7
2024,stubbga01,Garrett Stubbs,PHI,0.3
2024,guilllu01,Luis Guillorme,3TM,0.2
2024,guilllu01,Luis Guillorme,2TM,0.1
2024,guilllu01,Luis Guillorme,ATL,-0.2
2024,guilllu01,Luis Guillorme,LAA,0.1
2024,guilllu01,Luis Guillorme,ARI,0.3
2024,camerda01,Daz Cameron,OAK,-0.5
2024,thaisma01,Matt Thaiss,LAA,0.6
2024,alexabl01,Blaze Alexander,ARI,0.0
2024,leebr02,Brooks Lee,MIN,-0.2
2024,beckjo01,Jordan Beck,COL,-0.9
2024,pachecr01,Cristian Pache,3TM,-0.2
2024,pachecr01,Cristian Pache,2TM,-0.3
2024,pachecr01,Cristian Pache,PHI,0.1
2024,pachecr01,Cristian Pache,BAL,0.1
2024,pachecr01,Cristian Pache,MIA,-0.3
2024,kirilal01,Alex Kirilloff,MIN,-0.6
2024,ricebe01,Ben Rice,NYY,-0.4
2024,walkejo02,Jordan Walker,STL,-0.8
2024,caminju01,Junior Caminero,TBR,0.7
2024,wisdopa01,Patrick Wisdom,CHC,-0.4
2024,hillde01,Derek Hill,3TM,0.1
2024,hillde01,Derek Hill,2TM,0.1
2024,hillde01,Derek Hill,TEX,0.0
2024,hillde01,Derek Hill,SFG,-0.1
2024,hillde01,Derek Hill,MIA,0.1
2024,batybr01,Brett Baty,NYM,0.3
2024,loftini01,Nick Loftin,KCR,0.2
2024,martian02,Angel Martínez,CLE,0.1
2024,tenajo01,José Tena,2TM,0.2
2024,tenajo01,José Tena,CLE,-0.1
2024,tenajo01,José Tena,WSN,0.3
2024,martini02,Nick Martini,CIN,-0.4
2024,carteev01,Evan Carter,TEX,0.7
2024,ariasga01,Gabriel Arias,CLE,-0.4
2024,hillisa01,Sam Hilliard,COL,0.4
2024,leeju01,Jung Hoo Lee,SFG,0.1
2024,mcguire01,Reese McGuire,BOS,0.2
2024,smithpa04,Pavin Smith,ARI,0.6
2024,carpema01,Matt Carpenter,STL,-0.1
2024,mccanky01,Kyle McCann,OAK,0.2
2024,davisjd01,J.D. Davis,2TM,-0.4
2024,davisjd01,J.D. Davis,OAK,-0.1
2024,davisjd01,J.D. Davis,NYY,-0.2
2024,barneau01,Austin Barnes,LAD,0.7
2024,manzaky01,Kyle Manzardo,CLE,0.0
2024,matoslu02,Luis Matos,SFG,-0.2
2024,outmaja01,James Outman,LAD,-0.5
2024,wadety01,Tyler Wade,SDP,-0.7
2024,bryankr01,Kris Bryant,COL,-0.8
2024,jacksal02,Alex Jackson,TBR,-0.4
2024,scottvi01,Victor Scott II,STL,-0.5
2024,mailelu01,Luke Maile,CIN,-0.4
2024,edmanto01,Tommy Edman,LAD,0.9
2024,maldoma01,Martín Maldonado,CHW,-1.3
2024,bethach01,Christian Bethancourt,2TM,0.4
2024,bethach01,Christian Bethancourt,MIA,-0.5
2024,bethach01,Christian Bethancourt,CHC,0.8
2024,hedgeau01,Austin Hedges,CLE,-0.6
2024,arandjo01,Jonathan Aranda,TBR,0.7
2024,monasan01,Andruw Monasterio,MIL,-0.1
2024,mendida01,Danny Mendick,CHW,-0.3
2024,nidoto01,Tomás Nido,2TM,-0.4
2024,nidoto01,Tomás Nido,NYM,0.1
2024,nidoto01,Tomás Nido,CHC,-0.5
2024,hernada04,Darell Hernaiz,OAK,-0.8
2024,blancda02,Dairon Blanco,KCR,0.1
2024,chapaan01,Andrés Chaparro,WSN,-0.1
2024,crewsdy01,Dylan Crews,WSN,0.6
2024,meadcu01,Curtis Mead,TBR,-0.5
2024,adamsri03,Riley Adams,WSN,0.2
2024,mccragr01,Grant McCray,SFG,0.0
2024,torrelu01,Luis Torrens,NYM,0.7
2024,troutmi01,Mike Trout,LAA,1.0
2024,casalcu01,Curt Casali,SFG,0.3
2024,stefami01,Michael Stefanic,LAA,-0.2
2024,encarch01,Christian Encarnacion-Strand,CIN,-1.0
2024,harribr02,Brett Harris,OAK,-0.5
2024,davishe01,Henry Davis,PIT,-0.6
2024,baldwbr01,Brooks Baldwin,CHW,0.0
2024,abreujo02,José Abreu,HOU,-1.7
2024,clemeko01,Kody Clemens,PHI,0.3
2024,encarje01,Jerar Encarnacion,SFG,0.1
2024,sweentr01,Trey Sweeney,DET,0.7
2024,coopega03,Garrett Cooper,2TM,-0.8
2024,coopega03,Garrett Cooper,CHC,0.1
2024,coopega03,Garrett Cooper,BOS,-0.9
2024,grissva01,Vaughn Grissom,BOS,-0.1
2024,herrejo04,José Herrera,ARI,-0.2
2024,kjershe01,Heston Kjerstad,BAL,0.4
2024,callal02,Alex Call,WSN,1.5
2024,schmica01,Casey Schmitt,SFG,0.2
2024,flories01,Estevan Florial,CLE,0.1
2024,nodary01,Ryan Noda,OAK,-0.6
2024,uriaslu01,Luis Urías,SEA,0.4
2024,bouchse01,Sean Bouchard,COL,-0.6
2024,myersda01,Dane Myers,MIA,0.6
2024,ramosbr01,Bryan Ramos,CHW,-0.2
2024,kavadni01,Niko Kavadas,LAA,-0.2
2024,mastrmi01,Miles Mastrobuoni,CHC,-0.2
2024,storytr01,Trevor Story,BOS,0.8
2024,allenni02,Nick Allen,OAK,0.2
2024,dunnol01,Oliver Dunn,MIL,0.2
2024,thomaal01,Alek Thomas,ARI,0.0
2024,wilsoja05,Jacob Wilson,OAK,-0.2
2024,gamelbe01,Ben Gamel,2TM,0.2
2024,gamelbe01,Ben Gamel,NYM,0.0
2024,gamelbe01,Ben Gamel,HOU,0.2
2024,schunaa01,Aaron Schunk,COL,0.2
2024,wilsowe01,Weston Wilson,PHI,0.7
2024,barnhtu01,Tucker Barnhart,ARI,0.3
2024,gomesya01,Yan Gomes,CHC,-0.7
2024,sanchal04,Ali Sánchez,MIA,-0.6
2024,willial04,Alika Williams,PIT,-0.1
2024,sanomi01,Miguel Sanó,LAA,-0.1
2024,jungja01,Jace Jung,DET,-0.5
2024,madrini01,Nick Madrigal,CHC,-0.4
2024,dalbebo01,Bobby Dalbec,BOS,-0.7
2024,kniznan01,Andrew Knizner,TEX,-0.8
2024,cabbatr01,Trey Cabbage,HOU,-0.1
2024,lukesna01,Nathan Lukes,TOR,1.2
2024,coningr01,Griffin Conine,MIA,0.8
2024,shortza01,Zack Short,3TM,-0.1
2024,shortza01,Zack Short,2TM,0.1
2024,shortza01,Zack Short,NYM,-0.1
2024,shortza01,Zack Short,BOS,-0.2
2024,shortza01,Zack Short,ATL,0.2
2024,delcaad01,Adrian Del Castillo,ARI,0.5
2024,dingldi01,Dillon Dingler,DET,-0.3
2024,rivasle01,Leo Rivas,SEA,0.3
2024,sogarni01,Nick Sogard,BOS,0.4
2024,wagnewi01,Will Wagner,TOR,0.7
2024,baddoak01,Akil Baddoo,DET,-0.5
2024,baeji01,Jihwan Bae,PIT,-0.4
2024,luciama01,Marco Luciano,SFG,-0.4
2024,crawfbr01,Brandon Crawford,STL,-0.2
2024,azocajo01,José Azócar,SDP,-0.4
2024,fermijo01,José Fermín,STL,-0.6
2024,vogelda01,Daniel Vogelbach,TOR,-0.5
2024,nunezna01,Nasim Nuñez,WSN,0.7
2024,palacjo01,Joshua Palacios,PIT,-0.1
2024,robinch04,Chuckie Robinson,CHW,-0.5
2024,deloaza01,Zach DeLoach,CHW,-0.1
2024,madribl01,Bligh Madris,DET,0.2
2024,bertijo01,Jon Berti,NYY,0.7
2024,wagamer01,Eric Wagaman,LAA,0.4
2024,johnsbr03,Bryce Johnson,SDP,-0.3
2024,amayaja01,Jacob Amaya,2TM,-0.1
2024,amayaja01,Jacob Amaya,HOU,0.0
2024,amayaja01,Jacob Amaya,CHW,0.0
2024,blissry01,Ryan Bliss,SEA,0.4
2024,lopezja03,Jack López,LAA,0.0
2024,servebr01,Brian Serven,TOR,0.1
2024,haaseer01,Eric Haase,MIL,0.5
2024,narvaom01,Omar Narváez,NYM,-0.9
2024,hurtuja01,Jacob Hurtubise,CIN,-0.1
2024,dominja01,Jasson Domínguez,NYY,0.0
2024,shewmbr01,Braden Shewmake,CHW,-0.6
2024,trejoal01,Alan Trejo,COL,-0.8
2024,clasejo01,Jonatan Clase,2TM,-0.1
2024,clasejo01,Jonatan Clase,SEA,-0.2
2024,clasejo01,Jonatan Clase,TOR,0.2
2024,dezenza01,Zach Dezenzo,HOU,-0.2
2024,gourryu01,Yuli Gurriel,KCR,0.2
2024,kreidry01,Ryan Kreidler,DET,-0.5
2024,ruizes01,Esteury Ruiz,OAK,-0.1
2024,reyespa01,Pablo Reyes,2TM,-0.7
2024,reyespa01,Pablo Reyes,BOS,-0.7
2024,reyespa01,Pablo Reyes,NYM,0.0
2024,hicksaa01,Aaron Hicks,LAA,-0.7
2024,dahlda01,David Dahl,PHI,0.3
2024,fordmi01,Mike Ford,CIN,-0.7
2024,milladr01,Drew Millas,WSN,0.4
2024,walshja01,Jared Walsh,TEX,-0.1
2024,parisky01,Kyren Paris,LAA,-0.3
2024,henslda01,David Hensley,MIA,-0.4
2024,blackty01,Tyler Black,MIL,-0.1
2024,mccoyma01,Mason McCoy,SDP,-0.1
2024,rosareg01,Eguy Rosario,SDP,0.3
2024,tuckeco01,Cole Tucker,LAA,-0.5
2024,marchra01,Rafael Marchán,PHI,0.7
2024,trompch01,Chadwick Tromp,ATL,0.2
2024,romodr01,Drew Romo,COL,-0.2
2024,saggeth01,Thomas Saggese,STL,-0.2
2024,willilu01,Luke Williams,ATL,0.2
2024,garciav01,Avisaíl García,MIA,-0.2
2024,hindsre01,Rece Hinds,CIN,0.7
2024,shentau01,Austin Shenton,TBR,0.1
2024,bakerlu01,Luken Baker,STL,-0.2
2024,cookbi01,Billy Cook,PIT,0.6
2024,locklty01,Tyler Locklear,SEA,-0.3
2024,pintore02,René Pinto,TBR,-0.1
2024,viladry01,Ryan Vilade,DET,-0.7
2024,wendzda01,Davis Wendzel,TEX,-0.1
2024,boteda01,David Bote,CHC,0.2
2024,campegu01,Gustavo Campero,LAA,-0.1
2024,westbja02,Jamie Westbrook,BOS,-0.1
2024,jonesja08,Jahmai Jones,NYY,0.0
2024,mayoco01,Coby Mayo,BAL,-0.7
2024,whitcsh01,Shay Whitcomb,HOU,-0.4
2024,berrost01,Steward Berroa,TOR,0.3
2024,moncayo01,Yoán Moncada,CHW,0.3
2024,foscuju01,Justin Foscue,TEX,-0.7
2024,zavalse01,Seby Zavala,SEA,-0.3
2024,whiteel04,Eli White,ATL,0.3
2024,yorkeni01,Nick Yorke,PIT,-0.2
2024,acunajo01,Luisangel Acuña,NYM,0.5
2024,orneljo01,Jonathan Ornelas,TEX,0.0
2024,peredjh01,Jhonny Pereda,MIA,0.0
2024,rodrijo10,Johnathan Rodríguez,CLE,-0.4
2024,alvarar01,Armando Alvarez,OAK,-0.4
2024,remilza01,Zach Remillard,CHW,0.2
2024,adamsjo03,Jordyn Adams,LAA,-0.2
2024,colasos01,Oscar Colás,CHW,0.1
2024,murphto04,Tom Murphy,SFG,-0.4
2024,sabolbl01,Blake Sabol,SFG,0.3
2024,drisclo01,Logan Driscoll,TBR,-0.1
2024,villada01,David Villar,SFG,0.0
2024,wendljo01,Joey Wendle,NYM,-0.1
2024,amadoad01,Adael Amador,COL,-0.4
2024,sanojja01,Javier Sanoja,MIA,0.0
2024,wallfo01,Forrest Wall,2TM,0.0
2024,wallfo01,Forrest Wall,ATL,0.0
2024,wallfo01,Forrest Wall,MIA,0.0
2024,diazal02,Aledmys Díaz,2TM,-0.6
2024,diazal02,Aledmys Díaz,OAK,-0.5
2024,diazal02,Aledmys Díaz,HOU,-0.1
2024,goodrni01,Niko Goodrum,2TM,-0.8
2024,goodrni01,Niko Goodrum,TBR,-0.4
2024,goodrni01,Niko Goodrum,LAA,-0.5
2024,alvarna01,Nacho Alvarez Jr.,ATL,-0.5
2024,blanktr01,Travis Blankenhorn,WSN,-0.5
2024,paulegr01,Graham Pauley,SDP,-0.4
2024,salazce01,César Salazar,HOU,0.2
2024,deloslu03,Luis De Los Santos,TOR,-0.1
2024,graytr01,Tristan Gray,2TM,-0.1
2024,graytr01,Tristan Gray,MIA,-0.1
2024,graytr01,Tristan Gray,OAK,0.0
2024,vosleja01,Jason Vosler,SEA,-0.1
2024,brooktr01,Trenton Brooks,SFG,-0.3
2024,dunnbl01,Blake Dunn,CIN,-0.2
2024,adriaeh01,Ehire Adrianza,LAA,0.1
2024,canaral01,Alexander Canario,CHC,0.3
2024,leblach01,Charles Leblanc,LAA,0.1
2024,mckinbi01,Billy McKinney,PIT,0.0
2024,mervima01,Matt Mervis,CHC,-0.4
2024,wiemejo01,Joey Wiemer,2TM,-0.2
2024,wiemejo01,Joey Wiemer,MIL,-0.2
2024,wiemejo01,Joey Wiemer,CIN,0.0
2024,hiurake01,Keston Hiura,LAA,-0.6
2024,milleow01,Owen Miller,MIL,-0.5
2024,steveca01,Cal Stevenson,PHI,-0.1
2024,peterja01,Jace Peterson,ARI,-0.6
2024,kennebu01,Buddy Kennedy,2TM,0.2
2024,kennebu01,Buddy Kennedy,DET,0.2
2024,kennebu01,Buddy Kennedy,PHI,0.0
2024,kessigr01,Grae Kessinger,HOU,-0.4
2024,waltodo01,Donovan Walton,SFG,0.0
2024,gaspemi01,Mickey Gasper,BOS,-0.2
2024,leonpe01,Pedro León,HOU,-0.3
2024,wynnsau01,Austin Wynns,CIN,0.4
2024,colliis01,Isaac Collins,MIL,-0.3
2024,delayja01,Jason Delay,PIT,0.1
2024,waterdr01,Drew Waters,KCR,0.0
2024,barrojo01,Jorge Barrosa,ARI,0.0
2024,thompbu01,Bubba Thompson,CIN,-0.3
2024,ortegra01,Rafael Ortega,CHW,-0.2
2024,sullibr01,Brett Sullivan,SDP,0.0
2024,haggesa01,Sam Haggerty,SEA,-0.3
2024,heinety01,Tyler Heineman,2TM,0.2
2024,heinety01,Tyler Heineman,BOS,0.1
2024,heinety01,Tyler Heineman,TOR,0.1
2024,sotoli01,Liván Soto,2TM,0.1
2024,sotoli01,Liván Soto,CIN,-0.1
2024,sotoli01,Liván Soto,BAL,0.2
2024,misneka01,Kameron Misner,TBR,-0.3
2024,narvaca01,Carlos Narváez,NYY,0.1
2024,reetzja01,Jakson Reetz,SFG,-0.2
2024,mckenry01,Ryan McKenna,2TM,0.1
2024,mckenry01,Ryan McKenna,BAL,0.1
2024,mckenry01,Ryan McKenna,SFG,0.0
2024,bakerda02,Darren Baker,WSN,0.0
2024,feduchu01,Hunter Feduccia,LAD,0.1
2024,keirsda01,DaShawn Keirsey Jr.,MIN,0.0
2024,vazqulu01,Luis Vázquez,CHC,-0.2
2024,lockrbr01,Brandon Lockridge,SDP,0.0
2024,teodobr01,Bryce Teodosio,LAA,-0.2
2024,alvared01,Eddy Alvarez,NYM,0.1
2024,jordale01,Levi Jordan,CIN,-0.2
2024,perazos02,Oswald Peraza,NYY,0.1
2024,alcanke01,Kevin Alcántara,CHC,-0.2
2024,duffyma01,Matt Duffy,TEX,0.2
2024,helmami01,Michael Helman,MIN,0.1
2024,kempto01,Tony Kemp,BAL,-0.2
2024,martijp01,J.P. Martínez,ATL,0.0
2024,pegueli01,Liover Peguero,PIT,-0.1
2024,riosed01,Edwin Ríos,CIN,-0.1
2024,brantro01,Rob Brantly,TBR,0.0
2024,capravi01,Vinny Capra,MIL,-0.1
2024,fletcda02,David Fletcher,ATL,0.0
2024,marloca01,Cade Marlowe,SEA,0.0
2024,alexacj01,CJ Alexander,KCR,-0.2
2024,capelco01,Conner Capel,CIN,-0.1
2024,castidi02,Diego Castillo,MIN,0.2
2024,hummeco01,Cooper Hummel,HOU,-0.1
2024,kochgr01,Grant Koch,PIT,-0.1
2024,trammta01,Taylor Trammell,2TM,-0.2
2024,trammta01,Taylor Trammell,LAD,-0.2
2024,trammta01,Taylor Trammell,NYY,-0.1
2024,camarja01,Jair Camargo,MIN,-0.1
2024,garciar01,Aramis Garcia,PHI,-0.1
2024,harridu01,Dustin Harris,TEX,0.2
2024,garrest01,Stone Garrett,WSN,0.3
2024,jonesgr02,Greg Jones,COL,0.1
2024,knappan01,Andrew Knapp,SFG,-0.1
2024,anderbr06,Brian Anderson,ATL,-0.2
2024,fabiasa01,Sandro Fabian,TEX,-0.1
2024,gentrty01,Tyler Gentry,KCR,-0.1
2024,hicklbr01,Brewer Hicklen,MIL,-0.2
2024,matonni01,Nick Maton,BAL,-0.1
2024,taylosa04,Samad Taylor,SEA,0.1
2024,ellisdu01,Duke Ellis,2TM,-0.1
2024,ellisdu01,Duke Ellis,CHW,-0.2
2024,ellisdu01,Duke Ellis,NYY,0.1
2024,deverjo01,José Devers,MIA,0.1
2024,huffsa01,Sam Huff,TEX,0.0
2024,strawmy01,Myles Straw,CLE,-0.1
2024,battema01,Matthew Batten,SDP,0.1
2024,martior01,Orelvis Martínez,TOR,0.0
2024,banueda01,David Bañuelos,BAL,0.0
2024,castilu02,Luis Castillo,SEA,0.0
2024,johnsda07,Daniel Johnson,BAL,0.0
2024,mcgousc01,Scott McGough,ARI,0.0
2024,rollech01,Chris Roller,MIL,0.0
2024,yanger01,Eric Yang,CIN,0.0
2024,anderch01,Chase Anderson,BOS,0.0
2024,avilape01,Pedro Avila,CLE,0.0
2024,baumami01,Mike Baumann,2TM,0.0
2024,baumami01,Mike Baumann,BAL,0.0
2024,baumami01,Mike Baumann,SEA,0.0
2024,beeksja02,Jalen Beeks,COL,0.0
2024,bernabr01,Brennan Bernardino,BOS,0.0
2024,brebbjo01,John Brebbia,CHW,0.0
2024,britojh01,Jhony Brito,SDP,0.0
2024,bubickr01,Kris Bubic,KCR,0.0
2024,cabrege01,Génesis Cabrera,TOR,0.0
2024,campbis01,Isaiah Campbell,BOS,0.0
2024,couloda01,Danny Coulombe,BAL,0.0
2024,criswje01,Jeff Criswell,COL,0.0
2024,cruzfe01,Fernando Cruz,CIN,0.0
2024,diazal03,Alexis Díaz,CIN,0.0
2024,diazed04,Edwin Díaz,NYM,0.0
2024,diekmja01,Jake Diekman,NYM,0.0
2024,dominse01,Seranthony Domínguez,BAL,0.0
2024,englema01,Mason Englert,DET,0.0
2024,farmebu01,Buck Farmer,CIN,0.0
2024,fernary01,Ryan Fernandez,STL,0.0
2024,finneky01,Kyle Finnegan,WSN,0.0
2024,foleyja01,Jason Foley,DET,0.0
2024,freelky01,Kyle Freeland,COL,0.0
2024,friaslu01,Luis Frías,ARI,0.0
2024,gaddihu01,Hunter Gaddis,CLE,0.0
2024,ginkeke01,Kevin Ginkel,ARI,0.0
2024,greench03,Chad Green,TOR,0.0
2024,haderjo01,Josh Hader,HOU,0.0
2024,halvose01,Seth Halvorsen,COL,0.0
2024,harvehu01,Hunter Harvey,KCR,0.0
2024,heasljo01,Jonathan Heasley,BAL,0.0
2024,helslry01,Ryan Helsley,STL,0.0
2024,hergeke01,Kevin Herget,MIL,0.0
2024,hernajo02,Jonathan Hernández,TEX,0.0
2024,hodgepo01,Porter Hodge,CHC,0.0
2024,howarsp01,Spencer Howard,CLE,0.0
2024,hudsojo03,Joe Hudson,NYM,0.0
2024,janseke01,Kenley Jansen,BOS,0.0
2024,jarvibr01,Bryce Jarvis,ARI,0.0
2024,kimbrcr01,Craig Kimbrel,BAL,0.0
2024,kingbr02,Bryan King,HOU,0.0
2024,kingjo01,John King,STL,0.0
2024,kinlety01,Tyler Kinley,COL,0.0
2024,kittran01,Andrew Kittredge,STL,0.0
2024,kochma01,Matt Koch,COL,0.0
2024,kopecmi01,Michael Kopech,CHW,0.0
2024,lambepe01,Peter Lambert,COL,0.0
2024,latzja01,Jacob Latz,TEX,0.0
2024,lawde01,Derek Law,WSN,0.0
2024,lawreju01,Justin Lawrence,COL,0.0
2024,leahyky01,Kyle Leahy,STL,0.0
2024,leclejo01,José Leclerc,TEX,0.0
2024,lopezjo02,Jorge López,NYM,0.0
2024,mantijo01,Joe Mantiply,ARI,0.0
2024,martich02,Chris Martin,BOS,0.0
2024,martiju01,Justin Martínez,ARI,0.0
2024,mcartja01,James McArthur,KCR,0.0
2024,mearsni01,Nick Mears,COL,0.0
2024,megiltr01,Trevor Megill,MIL,0.0
2024,merryju01,Julian Merryweather,CHC,0.0
2024,milneho01,Hoby Milner,MIL,0.0
2024,nerishe01,Hector Neris,CHC,0.0
2024,payamjo01,Joel Payamps,MIL,0.0
2024,pegueel01,Elvis Peguero,MIL,0.0
2024,penroza01,Zach Penrod,BOS,0.0
2024,pressry01,Ryan Pressly,HOU,0.0
2024,pukaj01,A.J. Puk,ARI,0.0
2024,quijajo01,José Quijada,LAA,0.0
2024,roberda08,David Robertson,TEX,0.0
2024,rodriye01,Yerry Rodríguez,TEX,0.0
2024,romerjo01,JoJo Romero,STL,0.0
2024,sewalpa01,Paul Sewald,ARI,0.0
2024,shugach01,Chase Shugart,BOS,0.0
2024,simslu01,Lucas Sims,CIN,0.0
2024,smithke05,Kevin Smith,NYY,0.0
2024,stanery01,Ryne Stanek,SEA,0.0
2024,suareal01,Albert Suárez,BAL,0.0
2024,thompry02,Ryan Thompson,ARI,0.0
2024,thorntr01,Trent Thornton,SEA,0.0
2024,urenajo01,José Ureña,TEX,0.0
2024,vodnivi01,Victor Vodnik,COL,0.0
2024,vothau01,Austin Voth,SEA,0.0
2024,webbja01,Jacob Webb,BAL,0.0
2024,whitemi03,Mitch White,MIL,0.0
2024,whiteow01,Owen White,TEX,0.0
2024,wilsoju10,Justin Wilson,CIN,0.0
2024,winckjo01,Josh Winckowski,BOS,0.0
2024,yateski01,Kirby Yates,TEX,0.0
2024,youngal01,Alex Young,CIN,0.0
2024,zuniggu01,Guillo Zuñiga,LAA,0.0
2025,lindofr01,Francisco Lindor,NYM,5.9
2025,deverra01,Rafael Devers,2TM,4.1
2025,deverra01,Rafael Devers,BOS,2.3
2025,deverra01,Rafael Devers,SFG,1.9
2025,ohtansh01,Shohei Ohtani,LAD,6.6
2025,olsonma02,Matt Olson,ATL,6.0
2025,schwaky01,Kyle Schwarber,PHI,4.6
2025,perdoge01,Geraldo Perdomo,ARI,7.0
2025,sotoju01,Juan Soto,NYM,6.2
2025,rodriju01,Julio Rodríguez,SEA,6.8
2025,alonspe01,Pete Alonso,NYM,3.4
2025,arozara01,Randy Arozarena,SEA,4.0
2025,raleica01,Cal Raleigh,SEA,7.4
2025,delacel01,Elly De La Cruz,CIN,3.6
2025,rookebr01,Brent Rooker,ATH,2.3
2025,duranja01,Jarren Duran,BOS,4.7
2025,ramoshe02,Heliot Ramos,SFG,1.2
2025,kwanst01,Steven Kwan,CLE,3.7
2025,tatisfe02,Fernando Tatis Jr.,SDP,5.9
2025,woodja03,James Wood,WSN,3.7
2025,wittbo02,Bobby Witt Jr.,KCR,7.1
2025,adamewi01,Willy Adames,SFG,3.7
2025,friedtj01,TJ Friedl,CIN,2.3
2025,pasquvi01,Vinnie Pasquantino,KCR,2.4
2025,guerrvl02,Vladimir Guerrero Jr.,TOR,4.6
2025,judgeaa01,Aaron Judge,NYY,9.7
2025,machama01,Manny Machado,SDP,4.1
2025,arraelu01,Luis Arraez,SDP,1.2
2025,ramirjo01,José Ramírez,CLE,5.8
2025,albieoz01,Ozzie Albies,ATL,2.1
2025,garcima01,Maikel Garcia,KCR,5.8
2025,bettsmo01,Mookie Betts,LAD,4.9
2025,happia01,Ian Happ,CHC,4.0
2025,wardta01,Taylor Ward,LAA,2.7
2025,contrwi02,William Contreras,MIL,3.9
2025,turanbr02,Brice Turang,MIL,5.6
2025,suareeu01,Eugenio Suárez,2TM,3.6
2025,suareeu01,Eugenio Suárez,ARI,3.3
2025,suareeu01,Eugenio Suárez,SEA,0.3
2025,bellico01,Cody Bellinger,NYY,5.1
2025,greenri03,Riley Greene,DET,2.2
2025,altuvjo01,Jose Altuve,HOU,0.5
2025,crawfjp01,J.P. Crawford,SEA,3.8
2025,reynobr01,Bryan Reynolds,PIT,1.4
2025,storytr01,Trevor Story,BOS,3.8
2025,caminju01,Junior Caminero,TBR,4.4
2025,nimmobr01,Brandon Nimmo,NYM,2.9
2025,diazya01,Yandy Díaz,TBR,3.4
2025,hendegu01,Gunnar Henderson,BAL,5.3
2025,suzukse01,Seiya Suzuki,CHC,2.6
2025,hoernni01,Nico Hoerner,CHC,6.2
2025,hollija01,Jackson Holliday,BAL,1.0
2025,torkesp01,Spencer Torkelson,DET,2.3
2025,crowape01,Pete Crow-Armstrong,CHC,6.0
2025,swansda01,Dansby Swanson,CHC,4.5
2025,yelicch01,Christian Yelich,MIL,3.1
2025,carroco02,Corbin Carroll,ARI,5.8
2025,harrimi04,Michael Harris II,ATL,2.2
2025,perezsa02,Salvador Perez,KCR,0.4
2025,walkech02,Christian Walker,HOU,0.2
2025,turnetr01,Trea Turner,PHI,5.4
2025,abramcj01,CJ Abrams,WSN,3.4
2025,butlela01,Lawrence Butler,ATH,1.9
2025,bichebo01,Bo Bichette,TOR,3.5
2025,torregl01,Gleyber Torres,DET,2.9
2025,freemfr01,Freddie Freeman,LAD,3.5
2025,pagesan01,Andy Pages,LAD,3.8
2025,soderty01,Tyler Soderstrom,ATH,4.3
2025,edwarxa01,Xavier Edwards,MIA,3.2
2025,leeju01,Jung Hoo Lee,SFG,1.7
2025,lowena01,Nathaniel Lowe,2TM,0.1
2025,lowena01,Nathaniel Lowe,WSN,-0.3
2025,lowena01,Nathaniel Lowe,BOS,0.4
2025,naylojo01,Josh Naylor,2TM,3.1
2025,naylojo01,Josh Naylor,ARI,0.8
2025,naylojo01,Josh Naylor,SEA,2.2
2025,tuckeky01,Kyle Tucker,CHC,4.6
2025,volpean01,Anthony Volpe,NYY,1.6
2025,frelisa01,Sal Frelick,MIL,3.0
2025,lopezot01,Otto Lopez,MIA,3.5
2025,buschmi02,Michael Busch,CHC,4.6
2025,ozunama01,Marcell Ozuna,ATL,1.6
2025,casteni01,Nick Castellanos,PHI,-0.8
2025,chourja01,Jackson Chourio,MIL,2.2
2025,beckjo01,Jordan Beck,COL,0.9
2025,clemeer01,Ernie Clement,TOR,4.3
2025,rafaece01,Ceddanne Rafaela,BOS,4.7
2025,springe01,George Springer,TOR,4.8
2025,mcmahry01,Ryan McMahon,2TM,2.3
2025,mcmahry01,Ryan McMahon,COL,1.2
2025,mcmahry01,Ryan McMahon,NYY,1.1
2025,ramirag01,Agustín Ramírez,MIA,-0.4
2025,correca01,Carlos Correa,2TM,1.5
2025,correca01,Carlos Correa,MIN,0.1
2025,correca01,Carlos Correa,HOU,1.3
2025,nootbla01,Lars Nootbaar,STL,1.3
2025,grishtr01,Trent Grisham,NYY,3.5
2025,harpebr03,Bryce Harper,PHI,3.1
2025,goodmhu01,Hunter Goodman,COL,3.7
2025,mclaima01,Matt McLain,CIN,0.0
2025,adelljo01,Jo Adell,LAA,1.2
2025,langfwy01,Wyatt Langford,TEX,5.6
2025,hayeske01,Ke'Bryan Hayes,2TM,1.5
2025,hayeske01,Ke'Bryan Hayes,PIT,1.2
2025,hayeske01,Ke'Bryan Hayes,CIN,0.3
2025,vargami01,Miguel Vargas,CHW,1.9
2025,steersp01,Spencer Steer,CIN,0.7
2025,diazya02,Yainer Diaz,HOU,2.7
2025,indiajo01,Jonathan India,KCR,0.3
2025,larnatr01,Trevor Larnach,MIN,0.1
2025,schanno01,Nolan Schanuel,LAA,1.3
2025,contrwi01,Willson Contreras,STL,2.5
2025,smithjo11,Josh Smith,TEX,3.0
2025,stottbr01,Bryson Stott,PHI,2.2
2025,yastrmi01,Mike Yastrzemski,2TM,2.8
2025,yastrmi01,Mike Yastrzemski,SFG,1.8
2025,yastrmi01,Mike Yastrzemski,KCR,1.0
2025,marteke01,Ketel Marte,ARI,4.4
2025,troutmi01,Mike Trout,LAA,1.5
2025,netoza01,Zach Neto,LAA,5.1
2025,lowebr01,Brandon Lowe,TBR,1.9
2025,bogaexa01,Xander Bogaerts,SDP,2.0
2025,mccutan01,Andrew McCutchen,PIT,0.1
2025,realmjt01,J.T. Realmuto,PHI,2.5
2025,garciad02,Adolis García,TEX,2.7
2025,burleal01,Alec Burleson,STL,1.8
2025,gurrilo01,Lourdes Gurriel Jr.,ARI,0.5
2025,hernate01,Teoscar Hernández,LAD,1.5
2025,sheetga01,Gavin Sheets,SDP,0.7
2025,cruzon01,Oneil Cruz,PIT,0.3
2025,sosale01,Lenyn Sosa,CHW,0.8
2025,ohearry01,Ryan O'Hearn,2TM,2.4
2025,ohearry01,Ryan O'Hearn,BAL,2.0
2025,ohearry01,Ryan O'Hearn,SDP,0.4
2025,penaje02,Jeremy Peña,HOU,5.6
2025,buxtoby01,Byron Buxton,MIN,4.9
2025,rengilu01,Luis Rengifo,LAA,0.4
2025,doylebr02,Brenton Doyle,COL,0.2
2025,winnma01,Masyn Winn,STL,2.2
2025,chapmma01,Matt Chapman,SFG,4.1
2025,goldspa01,Paul Goldschmidt,NYY,1.2
2025,semiema01,Marcus Semien,TEX,3.3
2025,belljo02,Josh Bell,WSN,0.5
2025,chishja01,Jazz Chisholm Jr.,NYY,4.2
2025,manzaky01,Kyle Manzardo,CLE,0.4
2025,ricebe01,Ben Rice,NYY,2.3
2025,leebr02,Brooks Lee,MIN,-0.8
2025,garcilu04,Luis García Jr.,WSN,0.4
2025,polanjo01,Jorge Polanco,SEA,2.6
2025,langesh01,Shea Langeliers,ATH,3.9
2025,wilsoja05,Jacob Wilson,ATH,3.0
2025,croneja01,Jake Cronenworth,SDP,2.4
2025,donovbr01,Brendan Donovan,STL,2.7
2025,wagamer01,Eric Wagaman,MIA,-0.4
2025,jungjo01,Josh Jung,TEX,1.4
2025,mckinza01,Zach McKinstry,DET,2.8
2025,durbica01,Caleb Durbin,MIL,2.8
2025,kirkal01,Alejandro Kirk,TOR,2.3
2025,ortizjo06,Joey Ortiz,MIL,0.3
2025,meidrch01,Chase Meidroth,CHW,1.3
2025,bohmal01,Alec Bohm,PHI,1.5
2025,luxga01,Gavin Lux,CIN,-0.2
2025,bargead01,Addison Barger,TOR,1.2
2025,baderha01,Harrison Bader,2TM,3.9
2025,baderha01,Harrison Bader,MIN,2.7
2025,baderha01,Harrison Bader,PHI,1.3
2025,mullice01,Cedric Mullins,2TM,0.5
2025,mullice01,Cedric Mullins,BAL,0.0
2025,mullice01,Cedric Mullins,NYM,0.5
2025,sanchje02,Jesús Sánchez,2TM,1.3
2025,sanchje02,Jesús Sánchez,MIA,1.1
2025,sanchje02,Jesús Sánchez,HOU,0.3
2025,bregmal01,Alex Bregman,BOS,3.5
2025,smithca07,Cam Smith,HOU,1.9
2025,francty01,Ty France,2TM,1.0
2025,francty01,Ty France,MIN,0.8
2025,francty01,Ty France,TOR,0.2
2025,kurtzni01,Nick Kurtz,ATH,5.4
2025,laurera01,Ramón Laureano,2TM,3.8
2025,laurera01,Ramón Laureano,BAL,3.0
2025,laurera01,Ramón Laureano,SDP,0.8
2025,confomi01,Michael Conforto,LAD,-0.7
2025,martian02,Angel Martínez,CLE,-0.7
2025,merrija01,Jackson Merrill,SDP,2.7
2025,keplema01,Max Kepler,PHI,0.1
2025,santaca01,Carlos Santana,2TM,1.1
2025,santaca01,Carlos Santana,CLE,1.3
2025,santaca01,Carlos Santana,CHC,-0.2
2025,ariasga01,Gabriel Arias,CLE,1.1
2025,beninan01,Andrew Benintendi,CHW,1.0
2025,dingldi01,Dillon Dingler,DET,3.1
2025,thomaal01,Alek Thomas,ARI,0.1
2025,keithco01,Colt Keith,DET,1.5
2025,carpeke01,Kerry Carpenter,DET,1.8
2025,jeffery01,Ryan Jeffers,MIN,1.2
2025,florewi01,Wilmer Flores,SFG,0.3
2025,scottvi01,Victor Scott II,STL,2.2
2025,vientma01,Mark Vientos,NYM,-0.2
2025,mcneije01,Jeff McNeil,NYM,2.0
2025,moniami01,Mickey Moniak,COL,-0.6
2025,kineris01,Isiah Kiner-Falefa,2TM,1.6
2025,kineris01,Isiah Kiner-Falefa,PIT,1.6
2025,kineris01,Isiah Kiner-Falefa,TOR,0.0
2025,fraziad01,Adam Frazier,2TM,1.4
2025,fraziad01,Adam Frazier,PIT,0.3
2025,fraziad01,Adam Frazier,KCR,1.1
2025,stoweky01,Kyle Stowers,MIA,3.6
2025,castrwi01,Willi Castro,2TM,-0.2
2025,castrwi01,Willi Castro,MIN,0.3
2025,castrwi01,Willi Castro,CHC,-0.5
2025,bailepa01,Patrick Bailey,SFG,1.1
2025,herreiv01,Iván Herrera,STL,2.2
2025,ohopplo01,Logan O'Hoppe,LAA,-0.2
2025,phamth01,Tommy Pham,PIT,1.0
2025,wellsau01,Austin Wells,NYY,0.1
2025,rileyau01,Austin Riley,ATL,1.3
2025,vaughan01,Andrew Vaughn,2TM,-0.4
2025,vaughan01,Andrew Vaughn,CHW,-1.8
2025,vaughan01,Andrew Vaughn,MIL,1.3
2025,baldwdr01,Drake Baldwin,ATL,3.3
2025,narvaca01,Carlos Narváez,BOS,2.6
2025,seageco01,Corey Seager,TEX,6.2
2025,colliis01,Isaac Collins,MIL,2.0
2025,simpsch01,Chandler Simpson,TBR,0.4
2025,lukesna01,Nathan Lukes,TOR,2.0
2025,paredis01,Isaac Paredes,HOU,2.3
2025,baezja01,Javier Báez,DET,1.9
2025,shawma01,Matt Shaw,CHC,3.1
2025,arenano01,Nolan Arenado,STL,1.3
2025,smithwi05,Will Smith,LAD,4.5
2025,lowejo01,Josh Lowe,TBR,0.1
2025,heimjo01,Jonah Heim,TEX,0.4
2025,batybr01,Brett Baty,NYM,3.1
2025,roberlu01,Luis Robert Jr.,CHW,1.4
2025,dominja01,Jasson Domínguez,NYY,0.5
2025,freemty01,Tyler Freeman,COL,-1.3
2025,manguja01,Jake Mangum,TBR,1.6
2025,marshbr02,Brandon Marsh,PHI,1.7
2025,arandjo01,Jonathan Aranda,TBR,3.5
2025,schneda04,Daniel Schneemann,CLE,1.9
2025,kellyca02,Carson Kelly,CHC,3.6
2025,abreuwi02,Wilyer Abreu,BOS,3.2
2025,allenni02,Nick Allen,ATL,0.6
2025,haysau01,Austin Hays,CIN,0.8
2025,naylobo01,Bo Naylor,CLE,1.5
2025,acunaro01,Ronald Acuña Jr.,ATL,3.0
2025,horwisp01,Spencer Horwitz,PIT,1.6
2025,isbelky01,Kyle Isbel,KCR,1.6
2025,gonzani01,Nick Gonzales,PIT,-0.6
2025,jonesno01,Nolan Jones,CLE,-1.1
2025,lewisro02,Royce Lewis,MIN,0.6
2025,queroed01,Edgar Quero,CHW,1.2
2025,gormano01,Nolan Gorman,STL,0.1
2025,dubonma01,Mauricio Dubón,HOU,1.7
2025,walkejo02,Jordan Walker,STL,-1.7
2025,wallnma01,Matt Wallner,MIN,0.6
2025,uriasra01,Ramón Urías,2TM,2.2
2025,uriasra01,Ramón Urías,BAL,1.5
2025,uriasra01,Ramón Urías,HOU,0.7
2025,hicksli01,Liam Hicks,MIA,1.3
2025,tovarez01,Ezequiel Tovar,COL,0.6
2025,pagespe02,Pedro Pagés,STL,1.4
2025,muncyma01,Max Muncy,LAD,3.6
2025,caratvi01,Victor Caratini,HOU,0.9
2025,clemeko01,Kody Clemens,2TM,1.0
2025,clemeko01,Kody Clemens,PHI,-0.1
2025,clemeko01,Kody Clemens,MIN,1.2
2025,tauchmi01,Mike Tauchman,CHW,1.9
2025,perezwe01,Wenceel Pérez,DET,0.8
2025,rocchbr01,Brayan Rocchio,CLE,-0.3
2025,meyerja02,Jake Meyers,HOU,2.4
2025,edmanto01,Tommy Edman,LAD,1.1
2025,burgeja01,Jake Burger,TEX,0.9
2025,triolja01,Jared Triolo,PIT,2.3
2025,profaju01,Jurickson Profar,ATL,1.1
2025,cabaljo01,José Caballero,2TM,2.9
2025,cabaljo01,José Caballero,TBR,1.8
2025,cabaljo01,José Caballero,NYY,1.2
2025,gimenan01,Andrés Giménez,TOR,1.1
2025,rutscad01,Adley Rutschman,BAL,1.9
2025,youngja03,Jacob Young,WSN,1.4
2025,cowseco01,Colton Cowser,BAL,1.0
2025,marteno01,Noelvi Marté,CIN,1.4
2025,mountry01,Ryan Mountcastle,BAL,0.1
2025,westbjo01,Jordan Westburg,BAL,1.6
2025,lileda01,Daylen Lile,WSN,0.8
2025,schmica01,Casey Schmitt,SFG,0.6
2025,fermifr01,Freddy Fermin,2TM,2.0
2025,fermifr01,Freddy Fermin,KCR,1.1
2025,fermifr01,Freddy Fermin,SDP,0.9
2025,bledajj01,JJ Bleday,ATH,-0.3
2025,iglesjo01,Jose Iglesias,SDP,-0.7
2025,sanojja01,Javier Sanoja,MIA,1.5
2025,stephty01,Tyler Stephenson,CIN,1.3
2025,gonzaro01,Romy González,BOS,2.0
2025,tayloty01,Tyrone Taylor,NYM,1.0
2025,andujmi01,Miguel Andujar,2TM,0.8
2025,andujmi01,Miguel Andujar,ATH,0.2
2025,andujmi01,Miguel Andujar,CIN,0.6
2025,murphse01,Sean Murphy,ATL,2.4
2025,norbyco01,Connor Norby,MIA,0.7
2025,toglimi01,Michael Toglia,COL,-1.7
2025,janseda01,Danny Jansen,2TM,2.8
2025,janseda01,Danny Jansen,TBR,2.1
2025,janseda01,Danny Jansen,MIL,0.7
2025,myersda01,Dane Myers,MIA,-0.1
2025,bartjo01,Joey Bart,PIT,0.5
2025,uriaslu01,Luis Urías,ATH,0.5
2025,martest01,Starling Marte,NYM,1.0
2025,baldwbr01,Brooks Baldwin,CHW,-0.5
2025,espinsa01,Santiago Espinal,CIN,-1.4
2025,hoskirh01,Rhys Hoskins,MIL,0.9
2025,higasky01,Kyle Higashioka,TEX,1.6
2025,sweentr01,Trey Sweeney,DET,-0.8
2025,taylomi02,Michael A. Taylor,CHW,0.1
2025,crewsdy01,Dylan Crews,WSN,0.3
2025,callal02,Alex Call,2TM,1.5
2025,callal02,Alex Call,WSN,1.1
2025,callal02,Alex Call,LAD,0.4
2025,rojasmi02,Miguel Rojas,LAD,2.1
2025,wallsta01,Taylor Walls,TBR,2.6
2025,solerjo01,Jorge Soler,LAA,-0.5
2025,tellero01,Rowdy Tellez,2TM,-0.3
2025,tellero01,Rowdy Tellez,SEA,-0.8
2025,tellero01,Rowdy Tellez,TEX,0.4
2025,morenga01,Gabriel Moreno,ARI,1.6
2025,pederjo01,Joc Pederson,TEX,-0.3
2025,morelch01,Christopher Morel,TBR,-0.3
2025,anthoro01,Roman Anthony,BOS,3.1
2025,trevijo01,Jose Trevino,CIN,-0.2
2025,farmeky01,Kyle Farmer,COL,-0.8
2025,strawmy01,Myles Straw,TOR,2.9
2025,teelky01,Kyle Teel,CHW,1.9
2025,saggeth01,Thomas Saggese,STL,0.4
2025,willibe03,Ben Williamson,SEA,1.3
2025,hernahe01,Heriberto Hernández,MIA,0.9
2025,mayoco01,Coby Mayo,BAL,0.2
2025,grichra01,Randal Grichuk,2TM,-0.8
2025,grichra01,Randal Grichuk,ARI,-0.4
2025,grichra01,Randal Grichuk,KCR,-0.4
2025,garvemi01,Mitch Garver,SEA,-0.1
2025,moncayo01,Yoán Moncada,LAA,0.7
2025,smithpa04,Pavin Smith,ARI,0.4
2025,adamsri03,Riley Adams,WSN,0.4
2025,montgco01,Colson Montgomery,CHW,3.3
2025,toroab01,Abraham Toro,BOS,-0.2
2025,davishe01,Henry Davis,PIT,0.7
2025,diazel01,Elias Díaz,SDP,-0.2
2025,torrelu01,Luis Torrens,NYM,1.4
2025,stantmi03,Giancarlo Stanton,NYY,1.9
2025,alvarfr01,Francisco Alvarez,NYM,1.9
2025,massemi02,Michael Massey,KCR,-0.1
2025,housebr01,Brady House,WSN,-0.6
2025,varshda01,Daulton Varsho,TOR,2.8
2025,whiteel04,Eli White,ATL,0.7
2025,canzodo01,Dominic Canzone,SEA,1.6
2025,ruizke01,Keibert Ruiz,WSN,0.8
2025,alexabl01,Blaze Alexander,ARI,1.7
2025,perazos02,Oswald Peraza,2TM,-0.6
2025,perazos02,Oswald Peraza,NYY,-0.2
2025,perazos02,Oswald Peraza,LAA,-0.5
2025,meadcu01,Curtis Mead,2TM,-0.2
2025,meadcu01,Curtis Mead,TBR,0.4
2025,meadcu01,Curtis Mead,CHW,-0.6
2025,campbkr01,Kristian Campbell,BOS,-1.0
2025,sosaed01,Edmundo Sosa,PHI,2.3
2025,youngco01,Cole Young,SEA,0.5
2025,hernaen02,Kiké Hernández,LAD,0.2
2025,bensowi01,Will Benson,CIN,0.6
2025,fitzgty01,Tyler Fitzgerald,SFG,0.9
2025,mooredy01,Dylan Moore,2TM,0.4
2025,mooredy01,Dylan Moore,SEA,0.2
2025,mooredy01,Dylan Moore,TEX,0.2
2025,wadela01,LaMonte Wade Jr.,2TM,-1.7
2025,wadela01,LaMonte Wade Jr.,SFG,-1.2
2025,wadela01,LaMonte Wade Jr.,LAA,-0.5
2025,forteni01,Nick Fortes,2TM,0.7
2025,forteni01,Nick Fortes,MIA,0.4
2025,forteni01,Nick Fortes,TBR,0.3
2025,carlsdy01,Dylan Carlson,BAL,-0.7
2025,canaral01,Alexander Canario,PIT,0.5
2025,marseja01,Jakob Marsee,MIA,1.9
2025,caglija01,Jac Caglianone,KCR,-1.3
2025,darnatr01,Travis d'Arnaud,LAA,-0.3
2025,schneda03,Davis Schneider,TOR,1.3
2025,smithdo02,Dominic Smith,SFG,0.4
2025,tawati01,Tim Tawa,ARI,0.5
2025,mccarja02,Jake McCarthy,ARI,-0.7
2025,santaan02,Anthony Santander,TOR,-1.0
2025,carteev01,Evan Carter,TEX,1.9
2025,muncyma02,Max Muncy,ATH,0.0
2025,duranez01,Ezequiel Durán,TEX,0.2
2025,raleylu01,Luke Raley,SEA,-0.3
2025,waterdr01,Drew Waters,KCR,-0.4
2025,bauerja01,Jake Bauers,MIL,0.7
2025,kempot01,Otto Kemp,PHI,-0.2
2025,misneka01,Kameron Misner,TBR,0.7
2025,fraleja01,Jake Fraley,2TM,0.3
2025,fraleja01,Jake Fraley,CIN,0.4
2025,fraleja01,Jake Fraley,ATL,0.0
2025,vazquch01,Christian Vázquez,MIN,0.6
2025,arciaor01,Orlando Arcia,2TM,-1.2
2025,arciaor01,Orlando Arcia,ATL,-0.1
2025,arciaor01,Orlando Arcia,COL,-1.1
2025,meadopa01,Parker Meadows,DET,0.3
2025,schuema01,Max Schuemann,ATH,0.2
2025,verdual01,Alex Verdugo,ATL,-0.3
2025,rojasjo01,Josh Rojas,CHW,-1.5
2025,oneilty01,Tyler O'Neill,BAL,-0.6
2025,refsnro01,Rob Refsnyder,BOS,1.2
2025,alvarna01,Nacho Alvarez Jr.,ATL,0.8
2025,dejonpa01,Paul DeJong,WSN,-0.1
2025,julieed01,Edouard Julien,MIN,-0.8
2025,keasclu01,Luke Keaschall,MIN,2.0
2025,rittery01,Ryan Ritter,COL,0.3
2025,hassero02,Robert Hassell III,WSN,-0.1
2025,yoshima02,Masataka Yoshida,BOS,0.2
2025,herrejo04,José Herrera,ARI,0.0
2025,alvaryo01,Yordan Alvarez,HOU,0.7
2025,hernada04,Darell Hernaiz,ATH,-0.2
2025,urshegi01,Gio Urshela,ATH,-1.0
2025,hamilda03,David Hamilton,BOS,1.0
2025,acunajo01,Luisangel Acuña,NYM,0.6
2025,ibanean01,Andy Ibáñez,DET,0.6
2025,kossch01,Christian Koss,SFG,1.8
2025,turneju01,Justin Turner,CHC,-0.1
2025,rosaram01,Amed Rosario,2TM,0.3
2025,rosaram01,Amed Rosario,WSN,0.3
2025,rosaram01,Amed Rosario,NYY,0.0
2025,kimha01,Ha-Seong Kim,2TM,0.3
2025,kimha01,Ha-Seong Kim,TBR,0.1
2025,kimha01,Ha-Seong Kim,ATL,0.1
2025,thaisma01,Matt Thaiss,2TM,1.2
2025,thaisma01,Matt Thaiss,CHW,1.1
2025,thaisma01,Matt Thaiss,TBR,0.1
2025,loftini01,Nick Loftin,KCR,-0.4
2025,wongco01,Connor Wong,BOS,-0.6
2025,matoslu02,Luis Matos,SFG,-0.2
2025,mauriro01,Ronny Mauricio,NYM,0.7
2025,moorech03,Christian Moore,LAA,0.1
2025,paulegr01,Graham Pauley,MIA,0.7
2025,jacksje02,Jeremiah Jackson,BAL,0.4
2025,haggesa01,Sam Haggerty,TEX,0.9
2025,martiau01,Austin Martin,MIN,0.7
2025,hedgeau01,Austin Hedges,CLE,-0.4
2025,taverle01,Leody Taveras,2TM,-0.5
2025,taverle01,Leody Taveras,TEX,0.1
2025,taverle01,Leody Taveras,SEA,-0.6
2025,solando01,Donovan Solano,2TM,-0.1
2025,solando01,Donovan Solano,SEA,0.0
2025,solando01,Donovan Solano,TEX,-0.1
2025,suwinja01,Jack Suwinski,PIT,-0.3
2025,osunaal02,Alejandro Osuna,TEX,0.2
2025,mastrmi01,Miles Mastrobuoni,SEA,0.2
2025,ravejo01,John Rave,KCR,0.1
2025,heinety01,Tyler Heineman,TOR,1.9
2025,rojasjo03,Johan Rojas,PHI,0.5
2025,perkibl01,Blake Perkins,MIL,0.3
2025,kimhy02,Hyeseong Kim,LAD,1.7
2025,tenajo01,José Tena,WSN,0.3
2025,pozoyo01,Yohel Pozo,STL,0.2
2025,kjershe01,Heston Kjerstad,BAL,-1.6
2025,estrath01,Thairo Estrada,COL,-0.4
2025,maldoma01,Martín Maldonado,SDP,-0.2
2025,slateau01,Austin Slater,2TM,-0.1
2025,slateau01,Austin Slater,CHW,0.3
2025,slateau01,Austin Slater,NYY,-0.4
2025,clarkde02,Denzel Clarke,ATH,1.0
2025,fryda01,David Fry,CLE,-0.8
2025,karroky01,Kyle Karros,COL,0.0
2025,rushida01,Dalton Rushing,LAD,0.2
2025,noeljh01,Jhonkensy Noel,CLE,-1.4
2025,rodenal01,Alan Roden,2TM,-0.6
2025,rodenal01,Alan Roden,TOR,-0.1
2025,rodenal01,Alan Roden,MIN,-0.5
2025,jonesja08,Jahmai Jones,DET,0.9
2025,teodobr01,Bryce Teodosio,LAA,0.5
2025,hillde01,Derek Hill,2TM,1.1
2025,hillde01,Derek Hill,MIA,0.8
2025,hillde01,Derek Hill,CHW,0.2
2025,wagnewi01,Will Wagner,2TM,-0.6
2025,wagnewi01,Will Wagner,TOR,-0.5
2025,wagnewi01,Will Wagner,SDP,-0.1
2025,lockrbr01,Brandon Lockridge,2TM,0.2
2025,lockrbr01,Brandon Lockridge,SDP,-0.2
2025,lockrbr01,Brandon Lockridge,MIL,0.4
2025,outmaja01,James Outman,2TM,-1.0
2025,outmaja01,James Outman,LAD,-0.2
2025,outmaja01,James Outman,MIN,-0.8
2025,fernaya01,Yanquiel Fernández,COL,-0.8
2025,bernawa01,Warming Bernabel,COL,0.0
2025,palacjo01,Joshua Palacios,CHW,-1.2
2025,lemahdj01,DJ LeMahieu,NYY,0.6
2025,rogerja03,Jake Rogers,DET,0.2
2025,thomala02,Lane Thomas,CLE,-0.6
2025,mcguire01,Reese McGuire,CHC,0.3
2025,parisky01,Kyren Paris,LAA,0.7
2025,kayfucj01,CJ Kayfus,CLE,0.1
2025,beavedy01,Dylan Beavers,BAL,1.0
2025,encarch01,Christian Encarnacion-Strand,CIN,-0.6
2025,mccanja02,James McCann,ARI,1.0
2025,mayerma01,Marcelo Mayer,BOS,0.2
2025,monasan01,Andruw Monasterio,MIL,0.8
2025,trammta01,Taylor Trammell,HOU,-0.2
2025,mervima01,Matt Mervis,MIA,-0.7
2025,thomaco03,Colby Thomas,ATH,0.0
2025,delcaad01,Adrian Del Castillo,ARI,-0.1
2025,stallja01,Jacob Stallings,2TM,-1.3
2025,stallja01,Jacob Stallings,COL,-0.9
2025,stallja01,Jacob Stallings,BAL,-0.4
2025,amadoad01,Adael Amador,COL,-1.2
2025,rodgebr02,Brendan Rodgers,HOU,0.0
2025,rortvbe01,Ben Rortvedt,2TM,-0.5
2025,rortvbe01,Ben Rortvedt,TBR,-0.5
2025,rortvbe01,Ben Rortvedt,LAD,0.1
2025,malloju02,Justyn-Henry Malloy,DET,-0.2
2025,riverem01,Emmanuel Rivera,BAL,0.1
2025,wadety01,Tyler Wade,SDP,-0.6
2025,canhama01,Mark Canha,KCR,-1.0
2025,wilsowe01,Weston Wilson,PHI,-0.5
2025,tayloch03,Chris Taylor,2TM,-0.6
2025,tayloch03,Chris Taylor,LAD,-0.6
2025,tayloch03,Chris Taylor,LAA,0.0
2025,bridejo01,Jonah Bride,2TM,-0.7
2025,bridejo01,Jonah Bride,MIA,-0.4
2025,bridejo01,Jonah Bride,MIN,-0.3
2025,cabreos01,Oswaldo Cabrera,NYY,0.4
2025,freemco01,Cody Freeman,TEX,-0.3
2025,johnstr02,Troy Johnston,MIA,0.3
2025,vargail01,Ildemaro Vargas,ARI,0.2
2025,fulfobr01,Braxton Fulford,COL,-0.2
2025,basalsa01,Samuel Basallo,BAL,-0.2
2025,marchra01,Rafael Marchán,PHI,0.2
2025,locklty01,Tyler Locklear,ARI,-1.1
2025,mccorch01,Chas McCormick,HOU,-1.0
2025,newmake01,Kevin Newman,LAA,-0.9
2025,roblevi01,Víctor Robles,SEA,-0.2
2025,casastr01,Triston Casas,BOS,-0.9
2025,clasejo01,Jonatan Clase,TOR,-0.2
2025,macivwi01,Willie MacIver,ATH,-0.2
2025,martini02,Nick Martini,COL,-0.2
2025,rivasle01,Leo Rivas,SEA,0.8
2025,gaspemi01,Mickey Gasper,MIN,-0.3
2025,helmami01,Michael Helman,TEX,1.0
2025,wynnsau01,Austin Wynns,2TM,1.1
2025,wynnsau01,Austin Wynns,CIN,0.7
2025,wynnsau01,Austin Wynns,ATH,0.4
2025,dezenza01,Zach Dezenzo,HOU,0.1
2025,gilbedr01,Drew Gilbert,SFG,-0.3
2025,renfrhu01,Hunter Renfroe,KCR,-1.5
2025,bertijo01,Jon Berti,CHC,0.2
2025,willica02,Carson Williams,TBR,-0.2
2025,hummeco01,Cooper Hummel,2TM,-0.8
2025,hummeco01,Cooper Hummel,BAL,0.0
2025,hummeco01,Cooper Hummel,HOU,-0.7
2025,feduchu01,Hunter Feduccia,2TM,-0.5
2025,feduchu01,Hunter Feduccia,LAD,0.0
2025,feduchu01,Hunter Feduccia,TBR,-0.5
2025,capravi01,Vinny Capra,2TM,-0.5
2025,capravi01,Vinny Capra,MIL,-0.6
2025,capravi01,Vinny Capra,CHW,0.2
2025,loperjo01,Joey Loperfido,TOR,0.6
2025,sogarni01,Nick Sogard,BOS,0.1
2025,amayami01,Miguel Amaya,CHC,1.1
2025,valdeen01,Enmanuel Valdéz,PIT,0.1
2025,gelofza01,Zack Gelof,ATH,-0.1
2025,sanchga02,Gary Sánchez,BAL,-0.4
2025,jacksal02,Alex Jackson,BAL,0.7
2025,vierlma01,Matt Vierling,DET,-0.3
2025,corteca01,Carlos Cortes,ATH,0.7
2025,escarjc01,J.C. Escarra,NYY,0.1
2025,freelal01,Alex Freeland,LAD,0.2
2025,heywaja01,Jason Heyward,SDP,-0.6
2025,brujavi01,Vidal Bruján,3TM,0.1
2025,brujavi01,Vidal Bruján,2TM,0.1
2025,brujavi01,Vidal Bruján,CHC,-0.4
2025,brujavi01,Vidal Bruján,BAL,0.1
2025,brujavi01,Vidal Bruján,ATL,0.5
2025,nunezna01,Nasim Nuñez,WSN,0.7
2025,candeje01,Jeimer Candelario,CIN,-0.9
2025,wilsowi03,Will Wilson,CLE,-0.5
2025,hampsga01,Garrett Hampson,3TM,-0.4
2025,hampsga01,Garrett Hampson,ARI,0.1
2025,hampsga01,Garrett Hampson,CIN,-0.2
2025,hampsga01,Garrett Hampson,STL,-0.3
2025,anderti01,Tim Anderson,LAA,0.0
2025,eatonna01,Nate Eaton,BOS,0.1
2025,keirsda01,DaShawn Keirsey Jr.,MIN,-1.2
2025,kniznan01,Andrew Knizner,SFG,0.3
2025,pegueli01,Liover Peguero,PIT,0.2
2025,simonro01,Ronny Simón,2TM,-1.2
2025,simonro01,Ronny Simón,MIA,-0.7
2025,simonro01,Ronny Simón,PIT,-0.5
2025,coningr01,Griffin Conine,MIA,0.1
2025,graytr01,Tristan Gray,TBR,0.2
2025,harribr02,Brett Harris,ATH,0.8
2025,johnsbr03,Bryce Johnson,SDP,0.6
2025,biggica01,Cavan Biggio,KCR,-0.2
2025,mateojo01,Jorge Mateo,BAL,-0.6
2025,seymobo01,Bob Seymour,TBR,-0.1
2025,winkeje01,Jesse Winker,NYM,0.0
2025,joeco01,Connor Joe,2TM,-0.7
2025,joeco01,Connor Joe,SDP,-0.2
2025,joeco01,Connor Joe,CIN,-0.5
2025,meltoja01,Jacob Melton,HOU,-0.3
2025,mitchga01,Garrett Mitchell,MIL,0.0
2025,sengeha01,Hayden Senger,NYM,-0.2
2025,peredjh01,Jhonny Pereda,2TM,0.3
2025,peredjh01,Jhonny Pereda,ATH,-0.1
2025,peredjh01,Jhonny Pereda,MIN,0.4
2025,barrojo01,Jorge Barrosa,ARI,-0.7
2025,haaseer01,Eric Haase,MIL,0.2
2025,rodrijo10,Johnathan Rodríguez,CLE,-0.6
2025,brownse01,Seth Brown,ATH,-0.7
2025,dunnbl01,Blake Dunn,CIN,-0.1
2025,roberwi02,Will Robertson,2TM,-1.1
2025,roberwi02,Will Robertson,TOR,-0.2
2025,roberwi02,Will Robertson,CHW,-0.8
2025,lawlajo01,Jordan Lawlar,ARI,-0.4
2025,crimbl01,Blaine Crim,2TM,0.0
2025,crimbl01,Blaine Crim,TEX,-0.2
2025,crimbl01,Blaine Crim,COL,0.3
2025,amayaja01,Jacob Amaya,CHW,-1.0
2025,bouchse01,Sean Bouchard,COL,-0.9
2025,chapaan01,Andrés Chaparro,WSN,-0.4
2025,pereiev01,Everson Pereira,TBR,-0.3
2025,seiglan01,Anthony Seigler,MIL,-0.1
2025,elkoti01,Tim Elko,CHW,-0.5
2025,yorkeni01,Nick Yorke,PIT,0.3
2025,fermijo01,José Fermín,STL,0.8
2025,lugoma01,Matthew Lugo,LAA,-0.5
2025,jenseca01,Carter Jensen,KCR,0.8
2025,ballemo01,Moisés Ballesteros,CHC,0.5
2025,campegu01,Gustavo Campero,LAA,-0.3
2025,vivasjo01,Jorbit Vivas,NYY,-0.3
2025,churcna01,Nathan Church,STL,0.4
2025,kelenja01,Jarred Kelenic,ATL,-0.5
2025,melenmj01,MJ Melendez,KCR,-0.6
2025,matonni01,Nick Maton,CHW,-0.1
2025,wiselbr01,Brett Wisely,2TM,0.3
2025,wiselbr01,Brett Wisely,SFG,0.3
2025,wiselbr01,Brett Wisely,ATL,0.0
2025,acostma02,Maximo Acosta,MIA,0.0
2025,gonzaos01,Oscar González,SDP,-0.5
2025,hillisa01,Sam Hilliard,COL,-0.2
2025,wiemejo01,Joey Wiemer,MIA,0.4
2025,delucjo01,Jonny DeLuca,TBR,0.6
2025,nodary01,Ryan Noda,2TM,-0.2
2025,nodary01,Ryan Noda,CHW,-0.3
2025,nodary01,Ryan Noda,BAL,0.0
2025,huffsa01,Sam Huff,SFG,-0.2
2025,stewasa02,Sal Stewart,CIN,0.5
2025,rodrien01,Endy Rodríguez,PIT,-0.5
2025,tolbety01,Tyler Tolbert,KCR,0.2
2025,johnsda07,Daniel Johnson,2TM,0.3
2025,johnsda07,Daniel Johnson,SFG,0.2
2025,johnsda07,Daniel Johnson,BAL,0.1
2025,encarje01,Jerar Encarnacion,SFG,0.0
2025,shortza01,Zack Short,HOU,0.0
2025,faircst01,Stuart Fairchild,ATL,-0.3
2025,jungja01,Jace Jung,DET,-0.5
2025,milladr01,Drew Millas,WSN,0.2
2025,mailelu01,Luke Maile,KCR,0.0
2025,fitzgry01,Ryan Fitzgerald,MIN,0.2
2025,vazqulu01,Luis Vázquez,BAL,-0.5
2025,coleza01,Zach Cole,HOU,0.6
2025,delacbr01,Bryan De La Cruz,ATL,-0.2
2025,jankotr01,Travis Jankowski,3TM,-0.3
2025,jankotr01,Travis Jankowski,2TM,-0.3
2025,jankotr01,Travis Jankowski,CHW,-0.2
2025,jankotr01,Travis Jankowski,TBR,0.0
2025,jankotr01,Travis Jankowski,NYM,0.0
2025,palacri01,Richie Palacios,TBR,0.0
2025,valerge01,George Valera,CLE,-0.1
2025,handlma01,Maverick Handley,BAL,-0.9
2025,matthbr01,Brice Matthews,HOU,0.3
2025,youngja02,Jared Young,NYM,0.1
2025,davidlo01,Logan Davidson,2TM,-0.6
2025,davidlo01,Logan Davidson,ATH,-0.3
2025,davidlo01,Logan Davidson,LAA,-0.3
2025,crookji01,Jimmy Crooks,STL,-0.3
2025,barneau01,Austin Barnes,LAD,-0.3
2025,hindsre01,Rece Hinds,CIN,-0.4
2025,kreidry01,Ryan Kreidler,DET,-0.2
2025,brooktr01,Trenton Brooks,SDP,-0.5
2025,guzmade01,Denzer Guzmán,LAA,-0.4
2025,harridu01,Dustin Harris,TEX,0.2
2025,pillake01,Kevin Pillar,TEX,-0.1
2025,trejoal01,Alan Trejo,COL,-0.4
2025,camerda01,Daz Cameron,MIL,-0.5
2025,gorskma01,Matt Gorski,PIT,-0.3
2025,bakerlu01,Luken Baker,STL,-0.1
2025,bryankr01,Kris Bryant,COL,-0.5
2025,dunnol01,Oliver Dunn,MIL,-0.2
2025,nolaau01,Austin Nola,COL,-0.2
2025,gourryu01,Yuli Gurriel,SDP,-0.5
2025,leeko01,Korey Lee,CHW,0.3
2025,alfarjo01,Jorge Alfaro,WSN,-0.3
2025,blissry01,Ryan Bliss,SEA,-0.2
2025,devanca01,Cam Devanney,PIT,-0.5
2025,mesavi01,Víctor Mesa Jr.,MIA,0.1
2025,eldribr01,Bryce Eldridge,SFG,-0.2
2025,nidoto01,Tomás Nido,DET,-0.1
2025,veenza01,Zac Veen,COL,-0.3
2025,miranjo01,José Miranda,MIN,-0.3
2025,sirijo01,Jose Siri,NYM,-0.5
2025,fletcdo01,Dominic Fletcher,CHW,0.3
2025,reyespa01,Pablo Reyes,NYY,-0.5
2025,riverse01,Sebastián Rivero,LAA,0.0
2025,willilu01,Luke Williams,ATL,-0.4
2025,schunaa01,Aaron Schunk,COL,-0.3
2025,jimenle01,Leo Jiménez,TOR,-0.3
2025,whitcsh01,Shay Whitcomb,HOU,-0.3
2025,kennebu01,Buddy Kennedy,3TM,-0.5
2025,kennebu01,Buddy Kennedy,2TM,-0.5
2025,kennebu01,Buddy Kennedy,PHI,-0.1
2025,kennebu01,Buddy Kennedy,TOR,-0.1
2025,kennebu01,Buddy Kennedy,LAD,-0.3
2025,garcijo02,José Barrero,STL,-0.1
2025,mccusca01,Carson McCusker,MIN,-0.6
2025,kingesc01,Scott Kingery,LAA,-0.5
2025,lopezni01,Nicky Lopez,2TM,-0.4
2025,lopezni01,Nicky Lopez,LAA,-0.2
2025,lopezni01,Nicky Lopez,CHC,-0.3
2025,caissow01,Owen Caissie,CHC,-0.1
2025,campulu01,Luis Campusano,SDP,-0.4
2025,mccoyma01,Mason McCoy,SDP,-0.1
2025,mccragr01,Grant McCray,SFG,-0.4
2025,baeji01,Jihwan Bae,PIT,-0.4
2025,stefami01,Michael Stefanic,TOR,0.0
2025,villada01,David Villar,SFG,0.0
2025,englitr01,Tristin English,ARI,-0.2
2025,kavadni01,Niko Kavadas,LAA,-0.4
2025,ruizes01,Esteury Ruiz,LAD,-0.2
2025,sanchal04,Ali Sánchez,2TM,-0.2
2025,sanchal04,Ali Sánchez,TOR,-0.2
2025,sanchal04,Ali Sánchez,BOS,0.0
2025,trompch01,Chadwick Tromp,2TM,0.1
2025,trompch01,Chadwick Tromp,ATL,0.0
2025,trompch01,Chadwick Tromp,BAL,0.1
2025,dalbebo01,Bobby Dalbec,CHW,0.0
2025,guilllu01,Luis Guillorme,HOU,-0.2
2025,hiurake01,Keston Hiura,COL,0.0
2025,mckinbi01,Billy McKinney,TEX,-0.1
2025,azocajo01,José Azócar,2TM,0.0
2025,azocajo01,José Azócar,NYM,0.0
2025,azocajo01,José Azócar,ATL,0.0
2025,margoma01,Manuel Margot,DET,-0.1
2025,kaiseco01,Connor Kaiser,ARI,-0.3
2025,sianimi01,Michael Siani,STL,-0.1
2025,baddoak01,Akil Baddoo,DET,0.2
2025,sabolbl01,Blake Sabol,BOS,-0.2
2025,avansdr01,Drew Avans,2TM,-0.4
2025,avansdr01,Drew Avans,ATH,-0.3
2025,avansdr01,Drew Avans,MIL,-0.1
2025,alexacj01,CJ Alexander,ATH,-0.2
2025,florera03,Rafael Flores,PIT,-0.1
2025,milleow01,Owen Miller,COL,0.0
2025,workmga01,Gage Workman,2TM,-0.3
2025,workmga01,Gage Workman,CHC,-0.2
2025,workmga01,Gage Workman,CHW,-0.1
2025,ornelti01,Tirso Ornelas,SDP,-0.3
2025,salazce01,César Salazar,HOU,-0.1
2025,winklja01,Jack Winkler,MIA,-0.2
2025,barnhtu01,Tucker Barnhart,TEX,0.0
2025,hurtuja01,Jacob Hurtubise,CIN,-0.1
2025,navarbr01,Brian Navarreto,MIA,0.2
2025,viladry01,Ryan Vilade,2TM,-0.1
2025,viladry01,Ryan Vilade,STL,-0.1
2025,viladry01,Ryan Vilade,CIN,0.0
2025,allengr01,Greg Allen,BAL,-0.4
2025,stevech02,Chad Stevens,LAA,-0.2
2025,blackty01,Tyler Black,MIL,0.1
2025,brennwi02,Will Brennan,CLE,-0.2
2025,julksco01,Corey Julks,CHW,0.1
2025,alcanke01,Kevin Alcántara,CHC,0.1
2025,leonsa01,Sandy León,ATL,-0.1
2025,machivi01,Vimael Machín,BAL,0.1
2025,petertr01,Tristan Peters,TBR,-0.4
2025,ramosbr01,Bryan Ramos,CHW,0.1
2025,solakni01,Nick Solak,PIT,-0.5
2025,ahmedni01,Nick Ahmed,TEX,0.1
2025,banfiwi01,Will Banfield,CIN,-0.2
2025,monteco01,Coco Montes,TBR,0.1
2025,narvaom01,Omar Narváez,CHW,0.0
2025,thomarh01,Rhylan Thomas,SEA,0.0
2025,orneljo01,Jonathan Ornelas,2TM,0.1
2025,orneljo01,Jonathan Ornelas,TEX,0.0
2025,orneljo01,Jonathan Ornelas,ATL,0.1
2025,davisjd01,J.D. Davis,LAA,-0.2
2025,foscuju01,Justin Foscue,TEX,-0.1
2025,garcijh01,Jhostynxon García,BOS,0.0
2025,portelo01,Logan Porter,SFG,0.0
2025,singljo02,Jon Singleton,HOU,-0.1
2025,sullibr01,Brett Sullivan,PIT,0.0
2025,taylosa04,Samad Taylor,SEA,-0.1
2025,waltodo01,Donovan Walton,PHI,-0.1
2025,blancda02,Dairon Blanco,KCR,0.0
2025,fordha01,Harry Ford,SEA,0.0
2025,halpipe01,Petey Halpin,CLE,0.1
2025,kieboca01,Carter Kieboom,LAA,-0.3
2025,steveca01,Cal Stevenson,PHI,-0.2
2025,rosared01,Eddie Rosario,2TM,0.0
2025,rosared01,Eddie Rosario,LAD,0.0
2025,rosared01,Eddie Rosario,ATL,0.0
2025,brantro01,Rob Brantly,MIA,0.0
2025,chengts01,Tsung-Che Cheng,PIT,0.0
2025,nunezdo01,Dom Nuñez,CLE,0.0
2025,berrost01,Steward Berroa,MIL,0.2
2025,callity01,Tyler Callihan,CIN,-0.2
2025,cookbi01,Billy Cook,PIT,0.0
2025,prietce01,César Prieto,STL,-0.2
2025,adamsjo03,Jordyn Adams,BAL,-0.1
2025,alcanse01,Sergio Alcántara,SFG,-0.1
2025,coronke01,Kenedy Corona,HOU,0.0
2025,garciar01,Aramis Garcia,ARI,-0.1
2025,hicklbr01,Brewer Hicklen,DET,0.1
2025,lipsctr01,Trey Lipscomb,WSN,0.1
2025,romodr01,Drew Romo,COL,-0.1
2025,stubbcj01,CJ Stubbs,WSN,0.1
2025,banueda01,David Bañuelos,BAL,0.0
2025,deanju01,Justin Dean,LAD,0.0
2025,jonesgr02,Greg Jones,CHW,0.0
2025,robinch04,Chuckie Robinson,LAD,0.0
2025,rogertr01,Trevor Rogers,BAL,0.0
2025,alexaty01,Tyler Alexander,CHW,0.0
2025,leiteja01,Jack Leiter,TEX,0.0
2025,nelsory01,Ryne Nelson,ARI,0.1
2025,ogasash01,Shinnosuke Ogasawara,WSN,0.0
2025,reaco01,Colin Rea,CHC,0.0
2025,stubbga01,Garrett Stubbs,PHI,0.0
2025,vavrate01,Terrin Vavra,BAL,0.0
2025,abreubr01,Bryan Abreu,HOU,0.0
2025,agnosza01,Zach Agnos,COL,0.0
2025,akinke01,Keegan Akin,BAL,0.0
2025,alvarel01,Elvis Alvarado,ATH,0.0
2025,armstsh01,Shawn Armstrong,TEX,0.0
2025,avilalu02,Luinder Avila,KCR,0.0
2025,backhky01,Kyle Backhus,ARI,0.0
2025,bakerbr01,Bryan Baker,BAL,0.0
2025,bandaan01,Anthony Banda,LAD,0.0
2025,bautife01,Félix Bautista,BAL,0.0
2025,bernabr01,Brennan Bernardino,BOS,0.0
2025,birdja01,Jake Bird,COL,0.0
2025,birdsha01,Hayden Birdsong,SFG,0.0
2025,bowmama01,Matt Bowman,BAL,0.0
2025,brebbjo01,John Brebbia,DET,0.0
2025,canoye01,Yennier Cano,BAL,0.0
2025,castijo03,José Castillo,SEA,0.0
2025,cavalca01,Cade Cavalli,WSN,0.0
2025,chapmar01,Aroldis Chapman,BOS,0.0
2025,chivian01,Angel Chivilli,COL,0.0
2025,clarkta01,Taylor Clarke,KCR,0.0
2025,claseem01,Emmanuel Clase,CLE,0.0
2025,cruzst01,Steven Cruz,KCR,0.0
2025,curtijo02,John Curtiss,ARI,0.0
2025,curvelu01,Luis Curvelo,TEX,0.0
2025,delosen01,Enyel De Los Santos,HOU,0.0
2025,delosye01,Yerry de los Santos,NYY,0.0
2025,diazed04,Edwin Díaz,NYM,0.0
2025,dominse01,Seranthony Domínguez,BAL,0.0
2025,duranjh01,Jhoan Duran,MIN,0.0
2025,ennsdi01,Dietrich Enns,BAL,0.0
2025,erceglu01,Lucas Erceg,KCR,0.0
2025,estevca01,Carlos Estévez,KCR,0.0
2025,ferguty01,Tyler Ferguson,ATH,0.0
2025,ferrejo01,Jose A. Ferrer,WSN,0.0
2025,festama01,Matt Festa,CLE,0.0
2025,fundeko01,Kody Funderburk,MIN,0.0
2025,garcibr02,Brandyn Garcia,ARI,0.0
2025,garciro04,Robert Garcia,TEX,0.0
2025,garciyi01,Yimi García,TOR,0.0
2025,haderjo01,Josh Hader,HOU,0.0
2025,halvose01,Seth Halvorsen,COL,0.0
2025,hancoem01,Emerson Hancock,SEA,0.0
2025,helslry01,Ryan Helsley,STL,0.0
2025,herriti01,Tim Herrin,CLE,0.0
2025,hoffmje02,Jeff Hoffman,TOR,0.0
2025,jamesdr01,Drey Jameson,ARI,0.0
2025,janseke01,Kenley Jansen,LAA,0.0
2025,jaxgr01,Griffin Jax,MIN,0.0
2025,kahnlto01,Tommy Kahnle,DET,0.0
2025,kellyke02,Kevin Kelly,TBR,0.0
2025,kellymi03,Michael Kelly,ATH,0.0
2025,kittran01,Andrew Kittredge,BAL,0.0
2025,leasujo01,Jordan Leasure,CHW,0.0
2025,legumca01,Casey Legumina,SEA,0.0
2025,longsa01,Sam Long,KCR,0.0
2025,lynchda02,Daniel Lynch IV,KCR,0.0
2025,mantijo01,Joe Mantiply,ARI,0.0
2025,martiju01,Justin Martínez,ARI,0.0
2025,matonph01,Phil Maton,STL,0.0
2025,matzety01,Tyler Matzek,NYY,0.0
2025,mejiaju01,Juan Mejia,COL,0.0
2025,millesh01,Shelby Miller,ARI,0.0
2025,milneho01,Hoby Milner,TEX,0.0
2025,morilju02,Juan Morillo,ARI,0.0
2025,ortka01,Kaleb Ort,HOU,0.0
2025,owensty01,Tyler Owens,DET,0.0
2025,pallaan01,Andre Pallante,STL,0.0
2025,perezci01,Cionel Pérez,BAL,0.0
2025,pilkiko01,Konnor Pilkington,WSN,0.0
2025,popza01,Zach Pop,SEA,0.0
2025,poulipj01,PJ Poulin,WSN,0.0
2025,pukaj01,A.J. Puk,ARI,0.0
2025,richatr01,Trevor Richards,KCR,0.0
2025,rogerty01,Tyler Rogers,SFG,0.0
2025,rutleja01,Jackson Rutledge,WSN,0.0
2025,saalfan01,Andrew Saalfrank,ARI,0.0
2025,sandlni01,Nick Sandlin,TOR,0.0
2025,schrejo01,John Schreiber,KCR,0.0
2025,scottta01,Tanner Scott,LAD,0.0
2025,seaboco01,Connor Seabold,TBR,0.0
2025,sousabe01,Bennett Sousa,HOU,0.0
2025,stanery01,Ryne Stanek,NYM,0.0
2025,thompry02,Ryan Thompson,ARI,0.0
2025,thorntr01,Trent Thornton,SEA,0.0
2025,vodnivi01,Victor Vodnik,COL,0.0
2025,walkery01,Ryan Walker,SFG,0.0
2025,wallach01,Chad Wallach,LAA,0.0
2025,whitlga01,Garrett Whitlock,BOS,0.0
2025,wilsobr02,Bryse Wilson,CHW,0.0
