playerID,awardID,yearID,lgID,tie,notes
aaronha01,Gold Glove,1958,NL,,RF
aaronha01,Gold Glove,1959,NL,,RF
aaronha01,Gold Glove,1960,NL,,RF
aaronha01,Most Valuable Player,1957,NL,,
abreubo01,Gold Glove,2005,NL,,OF
abreubo01,Silver Slugger,2004,NL,,OF
abreujo02,Most Valuable Player,2020,AL,,
abreujo02,Silver Slugger,2014,AL,,1B
abreujo02,Silver Slugger,2018,AL,,1B
abreujo02,Silver Slugger,2020,AL,,1B
abreuwi02,Gold Glove,2024,AL,,RF
abreuwi02,Gold Glove,2025,AL,,RF
acunaro01,Most Valuable Player,2023,NL,,
acunaro01,Silver Slugger,2019,NL,,OF
acunaro01,Silver Slugger,2020,NL,,OF
acunaro01,Silver Slugger,2023,NL,,OF
ageeto01,Gold Glove,1966,AL,,OF
ageeto01,Gold Glove,1970,NL,,OF
ahmedni01,Gold Glove,2018,NL,,SS
ahmedni01,Gold Glove,2019,NL,,SS
albieoz01,Silver Slugger,2019,NL,,2B
albieoz01,Silver Slugger,2021,NL,,2B
alcansa01,Cy Young Award,2022,NL,,
alfoned01,Silver Slugger,1999,NL,,2B
allendi01,Most Valuable Player,1972,AL,,
alleyge01,Gold Glove,1966,NL,,SS
alleyge01,Gold Glove,1967,NL,,SS
alomaro01,ALCS MVP,1992,AL,,
alomaro01,Gold Glove,1991,AL,,2B
alomaro01,Gold Glove,1992,AL,,2B
alomaro01,Gold Glove,1993,AL,,2B
alomaro01,Gold Glove,1994,AL,,2B
alomaro01,Gold Glove,1995,AL,,2B
alomaro01,Gold Glove,1996,AL,,2B
alomaro01,Gold Glove,1998,AL,,2B
alomaro01,Gold Glove,1999,AL,,2B
alomaro01,Gold Glove,2000,AL,,2B
alomaro01,Gold Glove,2001,AL,,2B
alomaro01,Silver Slugger,1992,AL,,2B
alomaro01,Silver Slugger,1996,AL,,2B
alomaro01,Silver Slugger,1999,AL,,2B
alomaro01,Silver Slugger,2000,AL,,2B
alomasa02,Gold Glove,1990,AL,,C
alonspe01,Silver Slugger,2025,NL,,1B
aloumo01,Silver Slugger,1994,NL,,OF
aloumo01,Silver Slugger,1998,NL,,OF
altuvjo01,ALCS MVP,2019,AL,,
altuvjo01,Gold Glove,2015,AL,,2B
altuvjo01,Most Valuable Player,2017,AL,,
altuvjo01,Silver Slugger,2014,AL,,2B
altuvjo01,Silver Slugger,2015,AL,,2B
altuvjo01,Silver Slugger,2016,AL,,2B
altuvjo01,Silver Slugger,2017,AL,,2B
altuvjo01,Silver Slugger,2018,AL,,2B
altuvjo01,Silver Slugger,2022,AL,,2B
altuvjo01,Silver Slugger,2024,AL,,2B
alvarpe01,Silver Slugger,2013,NL,,3B
alvaryo01,ALCS MVP,2021,AL,,
alvaryo01,Silver Slugger,2022,AL,,DH
amaroru01,Gold Glove,1964,NL,,SS
anderga01,Silver Slugger,2002,AL,,OF
anderga01,Silver Slugger,2003,AL,,OF
anderti01,Silver Slugger,2020,AL,,SS
andujjo01,Gold Glove,1984,NL,,P
aparilu01,Gold Glove,1958,AL,,SS
aparilu01,Gold Glove,1959,AL,,SS
aparilu01,Gold Glove,1960,AL,,SS
aparilu01,Gold Glove,1961,AL,,SS
aparilu01,Gold Glove,1962,AL,,SS
aparilu01,Gold Glove,1964,AL,,SS
aparilu01,Gold Glove,1966,AL,,SS
aparilu01,Gold Glove,1968,AL,,SS
aparilu01,Gold Glove,1970,AL,,SS
arenano01,Gold Glove,2013,NL,,3B
arenano01,Gold Glove,2014,NL,,3B
arenano01,Gold Glove,2015,NL,,3B
arenano01,Gold Glove,2016,NL,,3B
arenano01,Gold Glove,2017,NL,,3B
arenano01,Gold Glove,2018,NL,,3B
arenano01,Gold Glove,2019,NL,,3B
arenano01,Gold Glove,2020,NL,,3B
arenano01,Gold Glove,2021,NL,,3B
arenano01,Gold Glove,2022,NL,,3B
arenano01,Silver Slugger,2015,NL,,3B
arenano01,Silver Slugger,2016,NL,,3B
arenano01,Silver Slugger,2017,NL,,3B
arenano01,Silver Slugger,2018,NL,,3B
arenano01,Silver Slugger,2022,NL,,3B
armasto01,Silver Slugger,1984,AL,,OF
arozara01,ALCS MVP,2020,AL,,
arraelu01,Silver Slugger,2022,AL,,UT
arraelu01,Silver Slugger,2023,NL,,2B
arrieja01,Cy Young Award,2015,NL,,
arrieja01,Silver Slugger,2016,NL,,P
arroybr01,Gold Glove,2010,NL,,P
aurilri01,Silver Slugger,2001,NL,,SS
ausmubr01,Gold Glove,2001,NL,,C
ausmubr01,Gold Glove,2002,NL,,C
ausmubr01,Gold Glove,2006,NL,,C
averyst01,NLCS MVP,1991,NL,,
avilaal01,Silver Slugger,2011,AL,,C
aybarer01,Gold Glove,2011,AL,,SS
baderha01,Gold Glove,2021,NL,,RF
baergca01,Silver Slugger,1993,AL,,2B
baergca01,Silver Slugger,1994,AL,,2B
baezja01,Gold Glove,2020,NL,,SS
baezja01,NLCS MVP,2016,NL,Y,Co-MVP
baezja01,Silver Slugger,2018,NL,,2B
bagweje01,Gold Glove,1994,NL,,1B
bagweje01,Most Valuable Player,1994,NL,,
bagweje01,Silver Slugger,1994,NL,,1B
bagweje01,Silver Slugger,1997,NL,,1B
bagweje01,Silver Slugger,1999,NL,,1B
bailepa01,Gold Glove,2024,NL,,C
bailepa01,Gold Glove,2025,NL,,C
baineha01,Silver Slugger,1989,AL,,DH
bakerdu01,Gold Glove,1981,NL,,OF
bakerdu01,NLCS MVP,1977,NL,,
bakerdu01,Silver Slugger,1980,NL,,OF
bakerdu01,Silver Slugger,1981,NL,,OF
bankser01,Gold Glove,1960,NL,,SS
bankser01,Most Valuable Player,1958,NL,,
bankser01,Most Valuable Player,1959,NL,,
barfije01,Gold Glove,1986,AL,,OF
barfije01,Gold Glove,1987,AL,,OF
barfije01,Silver Slugger,1986,AL,,OF
barneda01,Gold Glove,2012,NL,,2B
barnhtu01,Gold Glove,2017,NL,,C
barnhtu01,Gold Glove,2020,NL,,C
barrema02,ALCS MVP,1986,AL,,
barremi01,Silver Slugger,2005,NL,,C
batteea01,Gold Glove,1960,AL,,C
batteea01,Gold Glove,1961,AL,,C
batteea01,Gold Glove,1962,AL,,C
bauertr01,Cy Young Award,2020,NL,,
bautijo02,Silver Slugger,2010,AL,,OF
bautijo02,Silver Slugger,2011,AL,,OF
bautijo02,Silver Slugger,2014,AL,,OF
bayja01,Silver Slugger,2009,AL,,OF
baylodo01,Most Valuable Player,1979,AL,,
baylodo01,Silver Slugger,1983,AL,,DH
baylodo01,Silver Slugger,1985,AL,,DH
baylodo01,Silver Slugger,1986,AL,,DH
beckegl01,Gold Glove,1968,NL,,2B
beckejo02,ALCS MVP,2007,AL,,
beckejo02,World Series MVP,2003,ML,,
bedrost01,Cy Young Award,1987,NL,,
belanma01,Gold Glove,1969,AL,,SS
belanma01,Gold Glove,1971,AL,,SS
belanma01,Gold Glove,1973,AL,,SS
belanma01,Gold Glove,1974,AL,,SS
belanma01,Gold Glove,1975,AL,,SS
belanma01,Gold Glove,1976,AL,,SS
belanma01,Gold Glove,1977,AL,,SS
belanma01,Gold Glove,1978,AL,,SS
bellbu01,Gold Glove,1979,AL,,3B
bellbu01,Gold Glove,1980,AL,,3B
bellbu01,Gold Glove,1981,AL,,3B
bellbu01,Gold Glove,1982,AL,,3B
bellbu01,Gold Glove,1983,AL,,3B
bellbu01,Gold Glove,1984,AL,,3B
bellbu01,Silver Slugger,1984,AL,,3B
belleal01,Silver Slugger,1993,AL,,OF
belleal01,Silver Slugger,1994,AL,,OF
belleal01,Silver Slugger,1995,AL,,OF
belleal01,Silver Slugger,1996,AL,,OF
belleal01,Silver Slugger,1998,AL,,OF
bellge02,Most Valuable Player,1987,AL,,
bellge02,Silver Slugger,1985,AL,,OF
bellge02,Silver Slugger,1986,AL,,OF
bellge02,Silver Slugger,1987,AL,,OF
bellico01,Gold Glove,2019,NL,,CF
bellico01,Most Valuable Player,2019,NL,,
bellico01,NLCS MVP,2018,NL,,
bellico01,Silver Slugger,2019,NL,,OF
bellico01,Silver Slugger,2023,NL,,UT
bellja01,Gold Glove,1993,NL,,SS
bellja01,Silver Slugger,1993,NL,,SS
belljo02,Silver Slugger,2022,NL,,DH
beltrad01,Gold Glove,2007,AL,,3B
beltrad01,Gold Glove,2008,AL,,3B
beltrad01,Gold Glove,2011,AL,,3B
beltrad01,Gold Glove,2012,AL,,3B
beltrad01,Gold Glove,2016,AL,,3B
beltrad01,Silver Slugger,2004,NL,,3B
beltrad01,Silver Slugger,2010,AL,,3B
beltrad01,Silver Slugger,2011,AL,,3B
beltrad01,Silver Slugger,2014,AL,,3B
beltrca01,Gold Glove,2006,NL,,OF
beltrca01,Gold Glove,2007,NL,,OF
beltrca01,Gold Glove,2008,NL,,OF
beltrca01,Silver Slugger,2006,NL,,OF
beltrca01,Silver Slugger,2007,NL,,OF
benchjo01,Gold Glove,1968,NL,,C
benchjo01,Gold Glove,1969,NL,,C
benchjo01,Gold Glove,1970,NL,,C
benchjo01,Gold Glove,1971,NL,,C
benchjo01,Gold Glove,1972,NL,,C
benchjo01,Gold Glove,1973,NL,,C
benchjo01,Gold Glove,1974,NL,,C
benchjo01,Gold Glove,1975,NL,,C
benchjo01,Gold Glove,1976,NL,,C
benchjo01,Gold Glove,1977,NL,,C
benchjo01,Most Valuable Player,1970,NL,,
benchjo01,Most Valuable Player,1972,NL,,
benchjo01,World Series MVP,1976,ML,,
beninan01,Gold Glove,2021,AL,,RF
beniqju01,Gold Glove,1977,AL,,OF
berrayo01,Most Valuable Player,1951,AL,,
berrayo01,Most Valuable Player,1954,AL,,
berrayo01,Most Valuable Player,1955,AL,,
berrijo01,Gold Glove,2023,AL,,P
berryke01,Gold Glove,1970,AL,,OF
berryke01,Gold Glove,1972,AL,,OF
bettsmo01,Gold Glove,2016,AL,,OF
bettsmo01,Gold Glove,2017,AL,,RF
bettsmo01,Gold Glove,2018,AL,,RF
bettsmo01,Gold Glove,2019,AL,,RF
bettsmo01,Gold Glove,2020,NL,,RF
bettsmo01,Gold Glove,2022,NL,,OF
bettsmo01,Most Valuable Player,2018,AL,,
bettsmo01,Silver Slugger,2016,AL,,OF
bettsmo01,Silver Slugger,2018,AL,,OF
bettsmo01,Silver Slugger,2019,AL,,OF
bettsmo01,Silver Slugger,2020,NL,,OF
bettsmo01,Silver Slugger,2022,NL,,OF
bettsmo01,Silver Slugger,2023,NL,,OF
bicheda01,Silver Slugger,1995,NL,,OF
biebesh01,Cy Young Award,2020,AL,,
biebesh01,Gold Glove,2022,AL,,P
biggicr01,Gold Glove,1994,NL,,2B
biggicr01,Gold Glove,1995,NL,,2B
biggicr01,Gold Glove,1996,NL,,2B
biggicr01,Gold Glove,1997,NL,,2B
biggicr01,Silver Slugger,1989,NL,,C
biggicr01,Silver Slugger,1994,NL,,2B
biggicr01,Silver Slugger,1995,NL,,2B
biggicr01,Silver Slugger,1997,NL,,2B
biggicr01,Silver Slugger,1998,NL,,2B
blackch02,Silver Slugger,2016,NL,,OF
blackch02,Silver Slugger,2017,NL,,OF
blairpa01,Gold Glove,1967,AL,,OF
blairpa01,Gold Glove,1969,AL,,OF
blairpa01,Gold Glove,1970,AL,,OF
blairpa01,Gold Glove,1971,AL,,OF
blairpa01,Gold Glove,1972,AL,,OF
blairpa01,Gold Glove,1973,AL,,OF
blairpa01,Gold Glove,1974,AL,,OF
blairpa01,Gold Glove,1975,AL,,OF
blausje01,Silver Slugger,1997,NL,,SS
bluevi01,Cy Young Award,1971,AL,,
bluevi01,Most Valuable Player,1971,AL,,
boddimi01,ALCS MVP,1983,AL,,
boddimi01,Gold Glove,1990,AL,,P
bogaexa01,Silver Slugger,2015,AL,,SS
bogaexa01,Silver Slugger,2016,AL,,SS
bogaexa01,Silver Slugger,2019,AL,,SS
bogaexa01,Silver Slugger,2021,AL,,SS
bogaexa01,Silver Slugger,2022,AL,,SS
boggswa01,Gold Glove,1994,AL,,3B
boggswa01,Gold Glove,1995,AL,,3B
boggswa01,Silver Slugger,1983,AL,,3B
boggswa01,Silver Slugger,1986,AL,,3B
boggswa01,Silver Slugger,1987,AL,,3B
boggswa01,Silver Slugger,1988,AL,,3B
boggswa01,Silver Slugger,1989,AL,,3B
boggswa01,Silver Slugger,1991,AL,,3B
boggswa01,Silver Slugger,1993,AL,,3B
boggswa01,Silver Slugger,1994,AL,,3B
bollifr01,Gold Glove,1958,AL,,2B
bondsba01,Gold Glove,1990,NL,,OF
bondsba01,Gold Glove,1991,NL,,OF
bondsba01,Gold Glove,1992,NL,,OF
bondsba01,Gold Glove,1993,NL,,OF
bondsba01,Gold Glove,1994,NL,,OF
bondsba01,Gold Glove,1996,NL,,OF
bondsba01,Gold Glove,1997,NL,,OF
bondsba01,Gold Glove,1998,NL,,OF
bondsba01,Most Valuable Player,1990,NL,,
bondsba01,Most Valuable Player,1992,NL,,
bondsba01,Most Valuable Player,1993,NL,,
bondsba01,Most Valuable Player,2001,NL,,
bondsba01,Most Valuable Player,2002,NL,,
bondsba01,Most Valuable Player,2003,NL,,
bondsba01,Most Valuable Player,2004,NL,,
bondsba01,Silver Slugger,1990,NL,,OF
bondsba01,Silver Slugger,1991,NL,,OF
bondsba01,Silver Slugger,1992,NL,,OF
bondsba01,Silver Slugger,1993,NL,,OF
bondsba01,Silver Slugger,1994,NL,,OF
bondsba01,Silver Slugger,1996,NL,,OF
bondsba01,Silver Slugger,1997,NL,,OF
bondsba01,Silver Slugger,2000,NL,,OF
bondsba01,Silver Slugger,2001,NL,,OF
bondsba01,Silver Slugger,2002,NL,,OF
bondsba01,Silver Slugger,2003,NL,,OF
bondsba01,Silver Slugger,2004,NL,,OF
bondsbo01,Gold Glove,1971,NL,,OF
bondsbo01,Gold Glove,1973,NL,,OF
bondsbo01,Gold Glove,1974,NL,,OF
bonilbo01,Silver Slugger,1988,NL,,3B
bonilbo01,Silver Slugger,1990,NL,,OF
bonilbo01,Silver Slugger,1991,NL,,OF
boonebo01,Gold Glove,1978,NL,,C
boonebo01,Gold Glove,1979,NL,,C
boonebo01,Gold Glove,1982,AL,,C
boonebo01,Gold Glove,1986,AL,,C
boonebo01,Gold Glove,1987,AL,,C
boonebo01,Gold Glove,1988,AL,,C
boonebo01,Gold Glove,1989,AL,,C
boonebr01,Gold Glove,1998,NL,,2B
boonebr01,Gold Glove,2002,AL,,2B
boonebr01,Gold Glove,2003,AL,,2B
boonebr01,Gold Glove,2004,AL,,2B
boonebr01,Silver Slugger,2001,AL,,2B
boonebr01,Silver Slugger,2003,AL,,2B
bordepa01,World Series MVP,1992,ML,,
bottoji01,Most Valuable Player,1928,NL,,
boudrlo01,Most Valuable Player,1948,AL,,
bournmi01,Gold Glove,2009,NL,,OF
bournmi01,Gold Glove,2010,NL,,OF
bowala01,Gold Glove,1972,NL,,SS
bowala01,Gold Glove,1978,NL,,SS
boyercl02,Gold Glove,1969,NL,,3B
boyerke01,Gold Glove,1958,NL,,3B
boyerke01,Gold Glove,1959,NL,,3B
boyerke01,Gold Glove,1960,NL,,3B
boyerke01,Gold Glove,1961,NL,,3B
boyerke01,Gold Glove,1963,NL,,3B
boyerke01,Most Valuable Player,1964,NL,,
bradlja02,ALCS MVP,2018,AL,,
bradlja02,Gold Glove,2018,AL,,CF
brandja01,Gold Glove,1959,NL,,LF
brantmi02,Silver Slugger,2014,AL,,OF
braunry02,Most Valuable Player,2011,NL,,
braunry02,Silver Slugger,2008,NL,,OF
braunry02,Silver Slugger,2009,NL,,OF
braunry02,Silver Slugger,2010,NL,,OF
braunry02,Silver Slugger,2011,NL,,OF
braunry02,Silver Slugger,2012,NL,,OF
bregmal01,Gold Glove,2024,AL,,3B
bregmal01,Silver Slugger,2019,AL,,3B
brettge01,ALCS MVP,1985,AL,,
brettge01,Gold Glove,1985,AL,,3B
brettge01,Most Valuable Player,1980,AL,,
brettge01,Silver Slugger,1980,AL,,3B
brettge01,Silver Slugger,1985,AL,,3B
brettge01,Silver Slugger,1988,AL,,1B
brinked01,Gold Glove,1972,AL,,SS
brookhu01,Silver Slugger,1985,NL,,SS
brookhu01,Silver Slugger,1986,NL,,SS
brosisc01,Gold Glove,1999,AL,,3B
brosisc01,World Series MVP,1998,ML,,
bruceja01,Silver Slugger,2012,NL,,OF
bruceja01,Silver Slugger,2013,NL,,OF
bryankr01,Most Valuable Player,2016,NL,,
buehrma01,Gold Glove,2009,AL,,P
buehrma01,Gold Glove,2010,AL,,P
buehrma01,Gold Glove,2011,AL,,P
buehrma01,Gold Glove,2012,NL,,P
buhneja01,Gold Glove,1996,AL,,OF
bumgama01,NLCS MVP,2014,NL,,
bumgama01,Silver Slugger,2014,NL,,P
bumgama01,Silver Slugger,2015,NL,,P
bumgama01,World Series MVP,2014,ML,,
burdele01,World Series MVP,1957,ML,,
burksel01,Gold Glove,1990,AL,,OF
burksel01,Silver Slugger,1990,AL,,OF
burksel01,Silver Slugger,1996,NL,,OF
burleri01,Gold Glove,1979,AL,,SS
burleri01,Silver Slugger,1981,AL,,SS
burneco01,Cy Young Award,2021,NL,,
burnsge02,Most Valuable Player,1926,AL,,
burroje01,Most Valuable Player,1974,AL,,
butlebi03,Silver Slugger,2012,AL,,DH
buxtoby01,Gold Glove,2017,AL,,CF
buxtoby01,Silver Slugger,2025,AL,,OF
cabreas01,Silver Slugger,2011,AL,,SS
cabremi01,Most Valuable Player,2012,AL,,
cabremi01,Most Valuable Player,2013,AL,,
cabremi01,Silver Slugger,2005,NL,,OF
cabremi01,Silver Slugger,2006,NL,,3B
cabremi01,Silver Slugger,2010,AL,,1B
cabremi01,Silver Slugger,2012,AL,,3B
cabremi01,Silver Slugger,2013,AL,,3B
cabremi01,Silver Slugger,2015,AL,,1B
cabremi01,Silver Slugger,2016,AL,,1B
cabreor01,Gold Glove,2001,NL,,SS
cabreor01,Gold Glove,2007,AL,,SS
cainlo01,ALCS MVP,2014,AL,,
cainlo01,Gold Glove,2019,NL,,LF
calhoko01,Gold Glove,2015,AL,,RF
camermi01,Gold Glove,2001,AL,,OF
camermi01,Gold Glove,2003,AL,,OF
camermi01,Gold Glove,2006,NL,,OF
camildo01,Most Valuable Player,1941,NL,,
caminke01,Gold Glove,1995,NL,,3B
caminke01,Gold Glove,1996,NL,,3B
caminke01,Gold Glove,1997,NL,,3B
caminke01,Most Valuable Player,1996,NL,,
caminke01,Silver Slugger,1996,NL,,3B
camparo01,Most Valuable Player,1951,NL,,
camparo01,Most Valuable Player,1953,NL,,
camparo01,Most Valuable Player,1955,NL,,
cannigr01,Gold Glove,2020,AL,,P
canoro01,Gold Glove,2010,AL,,2B
canoro01,Gold Glove,2012,AL,,2B
canoro01,Silver Slugger,2006,AL,,2B
canoro01,Silver Slugger,2010,AL,,2B
canoro01,Silver Slugger,2011,AL,,2B
canoro01,Silver Slugger,2012,AL,,2B
canoro01,Silver Slugger,2013,AL,,2B
cansejo01,Most Valuable Player,1988,AL,,
cansejo01,Silver Slugger,1988,AL,,OF
cansejo01,Silver Slugger,1990,AL,,OF
cansejo01,Silver Slugger,1991,AL,,OF
cansejo01,Silver Slugger,1998,AL,,DH
cardele01,Gold Glove,1965,NL,,SS
carewro01,Most Valuable Player,1977,AL,,
carltst01,Cy Young Award,1972,NL,,
carltst01,Cy Young Award,1977,NL,,
carltst01,Cy Young Award,1980,NL,,
carltst01,Cy Young Award,1982,NL,,
carltst01,Gold Glove,1981,NL,,P
carpech01,Cy Young Award,2005,NL,,
carpema01,Silver Slugger,2013,NL,,2B
carroco02,Silver Slugger,2025,NL,,OF
cartega01,Gold Glove,1980,NL,,C
cartega01,Gold Glove,1981,NL,,C
cartega01,Gold Glove,1982,NL,,C
cartega01,Silver Slugger,1981,NL,,C
cartega01,Silver Slugger,1982,NL,,C
cartega01,Silver Slugger,1984,NL,,C
cartega01,Silver Slugger,1985,NL,,C
cartega01,Silver Slugger,1986,NL,,C
cartejo01,Silver Slugger,1991,AL,,OF
cartejo01,Silver Slugger,1992,AL,,OF
casteni01,Silver Slugger,2021,NL,,OF
castilu01,Gold Glove,2003,NL,,2B
castilu01,Gold Glove,2004,NL,,2B
castilu01,Gold Glove,2005,NL,,2B
castivi02,Silver Slugger,1995,NL,,3B
castivi02,Silver Slugger,1997,NL,,3B
castivi02,Silver Slugger,1998,NL,,3B
cavarph01,Most Valuable Player,1945,NL,,
cedence01,Gold Glove,1972,NL,,OF
cedence01,Gold Glove,1973,NL,,OF
cedence01,Gold Glove,1974,NL,,OF
cedence01,Gold Glove,1975,NL,,OF
cedence01,Gold Glove,1976,NL,,OF
cepedor01,Most Valuable Player,1967,NL,,
cespeyo01,Gold Glove,2015,AL,,LF
cespeyo01,Silver Slugger,2016,NL,,OF
ceyro01,World Series MVP,1981,ML,Y,
chambch01,Gold Glove,1978,AL,,1B
chancde01,Cy Young Award,1964,ML,,
chandsp01,Most Valuable Player,1943,AL,,
chapmma01,Gold Glove,2018,AL,,3B
chapmma01,Gold Glove,2019,AL,,3B
chapmma01,Gold Glove,2021,AL,,3B
chapmma01,Gold Glove,2023,AL,,3B
chapmma01,Gold Glove,2024,NL,,3B
chaveer01,Gold Glove,2001,AL,,3B
chaveer01,Gold Glove,2002,AL,,3B
chaveer01,Gold Glove,2003,AL,,3B
chaveer01,Gold Glove,2004,AL,,3B
chaveer01,Gold Glove,2005,AL,,3B
chaveer01,Gold Glove,2006,AL,,3B
chaveer01,Silver Slugger,2002,AL,,3B
chishja01,Silver Slugger,2025,AL,,2B
clarkja01,Silver Slugger,1985,NL,,1B
clarkja01,Silver Slugger,1987,NL,,1B
clarkwi02,Gold Glove,1991,NL,,1B
clarkwi02,NLCS MVP,1989,NL,,
clarkwi02,Silver Slugger,1989,NL,,1B
clarkwi02,Silver Slugger,1991,NL,,1B
clemero01,Gold Glove,1961,NL,,OF
clemero01,Gold Glove,1962,NL,,OF
clemero01,Gold Glove,1963,NL,,OF
clemero01,Gold Glove,1964,NL,,OF
clemero01,Gold Glove,1965,NL,,OF
clemero01,Gold Glove,1966,NL,,OF
clemero01,Gold Glove,1967,NL,,OF
clemero01,Gold Glove,1968,NL,,OF
clemero01,Gold Glove,1969,NL,,OF
clemero01,Gold Glove,1970,NL,,OF
clemero01,Gold Glove,1971,NL,,OF
clemero01,Gold Glove,1972,NL,,OF
clemero01,Most Valuable Player,1966,NL,,
clemero01,World Series MVP,1971,ML,,
clemero02,Cy Young Award,1986,AL,,
clemero02,Cy Young Award,1987,AL,,
clemero02,Cy Young Award,1991,AL,,
clemero02,Cy Young Award,1997,AL,,
clemero02,Cy Young Award,1998,AL,,
clemero02,Cy Young Award,2001,AL,,
clemero02,Cy Young Award,2004,NL,,
clemero02,Most Valuable Player,1986,AL,,
clenddo01,World Series MVP,1969,ML,,
cobbty01,Most Valuable Player,1911,AL,,
cochrmi01,Most Valuable Player,1928,AL,,
cochrmi01,Most Valuable Player,1934,AL,,
colege01,Cy Young Award,2023,AL,,
collied01,Most Valuable Player,1914,AL,,
colonba01,Cy Young Award,2005,AL,,
conceda01,Gold Glove,1974,NL,,SS
conceda01,Gold Glove,1975,NL,,SS
conceda01,Gold Glove,1976,NL,,SS
conceda01,Gold Glove,1977,NL,,SS
conceda01,Gold Glove,1979,NL,,SS
conceda01,Silver Slugger,1981,NL,,SS
conceda01,Silver Slugger,1982,NL,,SS
coneda01,Cy Young Award,1994,AL,,
contrwi02,Silver Slugger,2023,NL,,C
contrwi02,Silver Slugger,2024,NL,,C
coopece01,Gold Glove,1979,AL,,1B
coopece01,Gold Glove,1980,AL,,1B
coopece01,Silver Slugger,1980,AL,,1B
coopece01,Silver Slugger,1981,AL,,1B
coopece01,Silver Slugger,1982,AL,,1B
coopemo01,Most Valuable Player,1942,NL,,
cordewi01,Silver Slugger,1994,NL,,SS
correca01,Gold Glove,2021,AL,,SS
counscr01,NLCS MVP,2001,NL,,
cowenal01,Gold Glove,1977,AL,,OF
crandde01,Gold Glove,1958,NL,,C
crandde01,Gold Glove,1959,NL,,C
crandde01,Gold Glove,1960,NL,,C
crandde01,Gold Glove,1962,NL,,C
crawfbr01,Gold Glove,2015,NL,,SS
crawfbr01,Gold Glove,2016,NL,,SS
crawfbr01,Gold Glove,2017,NL,,SS
crawfbr01,Gold Glove,2021,NL,,SS
crawfbr01,Silver Slugger,2015,NL,,SS
crawfca02,Gold Glove,2010,AL,,OF
crawfca02,Silver Slugger,2010,AL,,OF
crawfjp01,Gold Glove,2020,AL,,SS
credejo01,Silver Slugger,2006,AL,,3B
crowape01,Gold Glove,2025,NL,,CF
cruzjo01,Silver Slugger,1983,NL,,OF
cruzjo01,Silver Slugger,1984,NL,,OF
cruzjo02,Gold Glove,2003,NL,,OF
cruzne02,ALCS MVP,2011,AL,,
cruzne02,Silver Slugger,2015,AL,,OF
cruzne02,Silver Slugger,2017,AL,,DH
cruzne02,Silver Slugger,2019,AL,,DH
cruzne02,Silver Slugger,2020,AL,,DH
cuddymi01,Silver Slugger,2013,NL,,OF
cuellmi01,Cy Young Award,1969,AL,Y,
darliro01,Gold Glove,1989,NL,,P
darnatr01,Silver Slugger,2020,NL,,C
daubeja01,Most Valuable Player,1913,NL,,
daultda01,Silver Slugger,1992,NL,,C
davalvi01,Gold Glove,1964,AL,,OF
davenji01,Gold Glove,1962,NL,,3B
davisch02,Silver Slugger,2013,AL,,1B
daviser01,Gold Glove,1987,NL,,OF
daviser01,Gold Glove,1988,NL,,OF
daviser01,Gold Glove,1989,NL,,OF
daviser01,Silver Slugger,1987,NL,,OF
daviser01,Silver Slugger,1989,NL,,OF
davisgl01,Silver Slugger,1986,NL,,1B
davisjo02,Gold Glove,1986,NL,,C
davisma01,Cy Young Award,1989,NL,,
daviswi02,Gold Glove,1971,NL,,OF
daviswi02,Gold Glove,1972,NL,,OF
daviswi02,Gold Glove,1973,NL,,OF
dawsoan01,Gold Glove,1980,NL,,OF
dawsoan01,Gold Glove,1981,NL,,OF
dawsoan01,Gold Glove,1982,NL,,OF
dawsoan01,Gold Glove,1983,NL,,OF
dawsoan01,Gold Glove,1984,NL,,OF
dawsoan01,Gold Glove,1985,NL,,OF
dawsoan01,Gold Glove,1987,NL,,OF
dawsoan01,Gold Glove,1988,NL,,OF
dawsoan01,Most Valuable Player,1987,NL,,
dawsoan01,Silver Slugger,1980,NL,,OF
dawsoan01,Silver Slugger,1981,NL,,OF
dawsoan01,Silver Slugger,1983,NL,,OF
dawsoan01,Silver Slugger,1987,NL,,OF
deandi01,Most Valuable Player,1934,NL,,
decindo01,Silver Slugger,1982,AL,,3B
degroja01,Cy Young Award,2018,NL,,
degroja01,Cy Young Award,2019,NL,,
delgaca01,Silver Slugger,1999,AL,,1B
delgaca01,Silver Slugger,2000,AL,,1B
delgaca01,Silver Slugger,2003,AL,,1B
dempsri01,World Series MVP,1983,ML,,
dennyjo01,Cy Young Award,1983,NL,,
dentbu01,World Series MVP,1978,ML,,
dernibo01,Gold Glove,1984,NL,,OF
desmoia01,Silver Slugger,2012,NL,,SS
desmoia01,Silver Slugger,2013,NL,,SS
desmoia01,Silver Slugger,2014,NL,,SS
devermi01,NLCS MVP,1995,NL,,
deverra01,Silver Slugger,2021,AL,,3B
deverra01,Silver Slugger,2023,AL,,3B
diazya01,Silver Slugger,2023,AL,,1B
dibblro01,NLCS MVP,1990,NL,,
dickeco01,Gold Glove,2018,NL,,LF
dickera01,Cy Young Award,2012,NL,,
dickera01,Gold Glove,2013,AL,,P
dimagjo01,Most Valuable Player,1939,AL,,
dimagjo01,Most Valuable Player,1941,AL,,
dimagjo01,Most Valuable Player,1947,AL,,
dingldi01,Gold Glove,2025,AL,,C
donaljo02,Most Valuable Player,2015,AL,,
donaljo02,Silver Slugger,2015,AL,,3B
donaljo02,Silver Slugger,2016,AL,,3B
donovbr01,Gold Glove,2022,NL,,UT
doylebr02,Gold Glove,2023,NL,,OF
doylebr02,Gold Glove,2024,NL,,CF
doylela01,Most Valuable Player,1912,NL,,
doziebr01,Gold Glove,2017,AL,,2B
drabedo01,Cy Young Award,1990,NL,,
drurybr01,Silver Slugger,2022,NL,,UT
drysddo01,Cy Young Award,1962,ML,,
dubonma01,Gold Glove,2023,AL,,UT
dubonma01,Gold Glove,2025,AL,,UT
durhale01,Silver Slugger,1982,NL,,OF
duvalad01,Gold Glove,2021,NL,,CF
dyeje01,Gold Glove,2000,AL,,OF
dyeje01,Silver Slugger,2006,AL,,OF
dyeje01,World Series MVP,2005,ML,,
dykstle01,Silver Slugger,1993,NL,,OF
easleda01,Silver Slugger,1998,AL,,2B
eckerde01,ALCS MVP,1988,AL,,
eckerde01,Cy Young Award,1992,AL,,
eckerde01,Most Valuable Player,1992,AL,,
eckstda01,World Series MVP,2006,ML,,
edmanto01,Gold Glove,2021,NL,,2B
edmanto01,NLCS MVP,2024,NL,,
edmonji01,Gold Glove,1997,AL,,OF
edmonji01,Gold Glove,1998,AL,,OF
edmonji01,Gold Glove,2000,NL,,OF
edmonji01,Gold Glove,2001,NL,,OF
edmonji01,Gold Glove,2002,NL,,OF
edmonji01,Gold Glove,2003,NL,,OF
edmonji01,Gold Glove,2004,NL,,OF
edmonji01,Gold Glove,2005,NL,,OF
edmonji01,Silver Slugger,2004,NL,,OF
edwarjo01,Gold Glove,1963,NL,,C
edwarjo01,Gold Glove,1964,NL,,C
elliobo01,Most Valuable Player,1947,NL,,
ellsbja01,Gold Glove,2011,AL,,CF
ellsbja01,Silver Slugger,2011,AL,,OF
ensbemo01,Silver Slugger,2005,NL,,3B
erstada01,Gold Glove,2000,AL,,OF
erstada01,Gold Glove,2002,AL,,OF
erstada01,Gold Glove,2004,AL,,1B
erstada01,Silver Slugger,2000,AL,,OF
escobal02,ALCS MVP,2015,AL,,
escobal02,Gold Glove,2015,AL,,SS
estrajo01,Silver Slugger,2004,NL,,C
ethiean01,Gold Glove,2011,NL,,RF
ethiean01,Silver Slugger,2009,NL,,OF
evansdw01,Gold Glove,1976,AL,,OF
evansdw01,Gold Glove,1978,AL,,OF
evansdw01,Gold Glove,1979,AL,,OF
evansdw01,Gold Glove,1981,AL,,OF
evansdw01,Gold Glove,1982,AL,,OF
evansdw01,Gold Glove,1983,AL,,OF
evansdw01,Gold Glove,1984,AL,,OF
evansdw01,Gold Glove,1985,AL,Y,OF
evansdw01,Silver Slugger,1981,AL,,OF
evansdw01,Silver Slugger,1987,AL,,OF
eversjo01,Most Valuable Player,1914,NL,,
fernato01,Gold Glove,1986,AL,,SS
fernato01,Gold Glove,1987,AL,,SS
fernato01,Gold Glove,1988,AL,,SS
fernato01,Gold Glove,1989,AL,,SS
fieldce01,Silver Slugger,1990,AL,,1B
fieldce01,Silver Slugger,1991,AL,,1B
fieldpr01,Silver Slugger,2007,NL,,1B
fieldpr01,Silver Slugger,2011,NL,,1B
fieldpr01,Silver Slugger,2012,AL,,1B
fingero01,Cy Young Award,1981,AL,,
fingero01,Most Valuable Player,1981,AL,,
fingero01,World Series MVP,1974,ML,,
finlest01,Gold Glove,1995,NL,,OF
finlest01,Gold Glove,1996,NL,,OF
finlest01,Gold Glove,1999,NL,,OF
finlest01,Gold Glove,2000,NL,,OF
finlest01,Gold Glove,2004,NL,,OF
fiskca01,Gold Glove,1972,AL,,C
fiskca01,Silver Slugger,1981,AL,,C
fiskca01,Silver Slugger,1985,AL,,C
fiskca01,Silver Slugger,1988,AL,,C
flanami01,Cy Young Award,1979,AL,,
floodcu01,Gold Glove,1963,NL,,OF
floodcu01,Gold Glove,1964,NL,,OF
floodcu01,Gold Glove,1965,NL,,OF
floodcu01,Gold Glove,1966,NL,,OF
floodcu01,Gold Glove,1967,NL,,OF
floodcu01,Gold Glove,1968,NL,,OF
floodcu01,Gold Glove,1969,NL,,OF
flynndo01,Gold Glove,1980,NL,,2B
fordwh01,Cy Young Award,1961,ML,,
fordwh01,World Series MVP,1961,ML,,
forscbo01,Silver Slugger,1980,NL,,P
forscbo01,Silver Slugger,1987,NL,,P
fossera01,Gold Glove,1970,AL,,C
fossera01,Gold Glove,1971,AL,,C
fostege01,Most Valuable Player,1977,NL,,
fostege01,Silver Slugger,1981,NL,,OF
foxne01,Gold Glove,1957,ML,,2B
foxne01,Gold Glove,1959,AL,,2B
foxne01,Gold Glove,1960,AL,,2B
foxne01,Most Valuable Player,1959,AL,,
foxxji01,Most Valuable Player,1932,AL,,
foxxji01,Most Valuable Player,1933,AL,,
foxxji01,Most Valuable Player,1938,AL,,
francje02,Gold Glove,2007,NL,,OF
francju01,Silver Slugger,1988,AL,,2B
francju01,Silver Slugger,1989,AL,,2B
francju01,Silver Slugger,1990,AL,,2B
francju01,Silver Slugger,1991,AL,,2B
francju01,Silver Slugger,1994,AL,,DH
francty01,Gold Glove,2025,AL,,1B
freehbi01,Gold Glove,1965,AL,,C
freehbi01,Gold Glove,1966,AL,,C
freehbi01,Gold Glove,1967,AL,,C
freehbi01,Gold Glove,1968,AL,,C
freehbi01,Gold Glove,1969,AL,,C
freemfr01,Gold Glove,2018,NL,Y,1B
freemfr01,Most Valuable Player,2020,NL,,
freemfr01,Silver Slugger,2019,NL,,1B
freemfr01,Silver Slugger,2020,NL,,1B
freemfr01,Silver Slugger,2021,NL,,1B
freemfr01,World Series MVP,2024,ML,,
freesda01,NLCS MVP,2011,NL,,
freesda01,World Series MVP,2011,ML,,
fregoji01,Gold Glove,1967,AL,,SS
frelisa01,Gold Glove,2024,NL,,RF
friedma01,Gold Glove,2020,NL,,P
friedma01,Gold Glove,2021,NL,,P
friedma01,Gold Glove,2022,NL,,P
friedma01,Gold Glove,2025,AL,,P
friedma01,Silver Slugger,2021,NL,,P
friscfr01,Most Valuable Player,1931,NL,,
frymatr01,Gold Glove,2000,AL,,3B
frymatr01,Silver Slugger,1992,AL,,SS
gaettga01,ALCS MVP,1987,AL,,
gaettga01,Gold Glove,1986,AL,,3B
gaettga01,Gold Glove,1987,AL,,3B
gaettga01,Gold Glove,1988,AL,,3B
gaettga01,Gold Glove,1989,AL,,3B
gaettga01,Silver Slugger,1995,AL,,3B
gagneer01,Cy Young Award,2003,NL,,
galaran01,Gold Glove,1989,NL,,1B
galaran01,Gold Glove,1990,NL,,1B
galaran01,Silver Slugger,1988,NL,,1B
galaran01,Silver Slugger,1996,NL,,1B
gallayo01,Silver Slugger,2010,NL,,P
gallojo01,Gold Glove,2020,AL,,RF
gallojo01,Gold Glove,2021,AL,,CF
gantro01,Silver Slugger,1991,NL,,OF
garciad02,ALCS MVP,2023,AL,,
garciad02,Gold Glove,2023,AL,,OF
garcida01,Silver Slugger,1982,AL,,2B
garcima01,Gold Glove,2025,AL,,3B
garcino01,Silver Slugger,1997,AL,,SS
gardnbr01,Gold Glove,2016,AL,,OF
garvemi01,Silver Slugger,2019,AL,,C
garvest01,Gold Glove,1974,NL,,1B
garvest01,Gold Glove,1975,NL,,1B
garvest01,Gold Glove,1976,NL,,1B
garvest01,Gold Glove,1977,NL,,1B
garvest01,Most Valuable Player,1974,NL,,
garvest01,NLCS MVP,1978,NL,,
garvest01,NLCS MVP,1984,NL,,
garzama01,ALCS MVP,2008,AL,,
gehrich01,Most Valuable Player,1937,AL,,
gehrilo01,Most Valuable Player,1927,AL,,
gehrilo01,Most Valuable Player,1936,AL,,
geronce01,Gold Glove,1974,NL,,OF
geronce01,Gold Glove,1975,NL,,OF
geronce01,Gold Glove,1976,NL,,OF
geronce01,Gold Glove,1977,NL,,OF
giambja01,Most Valuable Player,2000,AL,,
giambja01,Silver Slugger,2001,AL,,1B
giambja01,Silver Slugger,2002,AL,,1B
gibsobo01,Cy Young Award,1968,NL,,
gibsobo01,Cy Young Award,1970,NL,,
gibsobo01,Gold Glove,1965,NL,,P
gibsobo01,Gold Glove,1966,NL,,P
gibsobo01,Gold Glove,1967,NL,,P
gibsobo01,Gold Glove,1968,NL,,P
gibsobo01,Gold Glove,1969,NL,,P
gibsobo01,Gold Glove,1970,NL,,P
gibsobo01,Gold Glove,1971,NL,,P
gibsobo01,Gold Glove,1972,NL,,P
gibsobo01,Gold Glove,1973,NL,,P
gibsobo01,Most Valuable Player,1968,NL,,
gibsobo01,World Series MVP,1964,ML,,
gibsobo01,World Series MVP,1967,ML,,
gibsoki01,ALCS MVP,1984,AL,,
gibsoki01,Most Valuable Player,1988,NL,,
gibsoki01,Silver Slugger,1988,NL,,OF
gimenan01,Gold Glove,2022,AL,,2B
gimenan01,Gold Glove,2023,AL,,2B
gimenan01,Gold Glove,2024,AL,,2B
glaustr01,Silver Slugger,2000,AL,,3B
glaustr01,Silver Slugger,2001,AL,,3B
glaustr01,World Series MVP,2002,ML,,
glavito02,Cy Young Award,1991,NL,,
glavito02,Cy Young Award,1998,NL,,
glavito02,Silver Slugger,1991,NL,,P
glavito02,Silver Slugger,1995,NL,,P
glavito02,Silver Slugger,1996,NL,,P
glavito02,Silver Slugger,1998,NL,,P
glavito02,World Series MVP,1995,ML,,
goldspa01,Gold Glove,2013,NL,,1B
goldspa01,Gold Glove,2015,NL,,1B
goldspa01,Gold Glove,2017,NL,,1B
goldspa01,Gold Glove,2021,NL,,1B
goldspa01,Most Valuable Player,2022,NL,,
goldspa01,Silver Slugger,2013,NL,,1B
goldspa01,Silver Slugger,2015,NL,,1B
goldspa01,Silver Slugger,2017,NL,,1B
goldspa01,Silver Slugger,2018,NL,,1B
goldspa01,Silver Slugger,2022,NL,,1B
gomesya01,Silver Slugger,2014,AL,,C
gomezca01,Gold Glove,2013,NL,,CF
gonzaad01,Gold Glove,2008,NL,,1B
gonzaad01,Gold Glove,2009,NL,,1B
gonzaad01,Gold Glove,2011,AL,,1B
gonzaad01,Gold Glove,2014,NL,,1B
gonzaad01,Silver Slugger,2011,AL,,1B
gonzaad01,Silver Slugger,2014,NL,,1B
gonzaca01,Gold Glove,2010,NL,,OF
gonzaca01,Gold Glove,2012,NL,,LF
gonzaca01,Gold Glove,2013,NL,,LF
gonzaca01,Silver Slugger,2010,NL,,OF
gonzaca01,Silver Slugger,2015,NL,,OF
gonzaju03,Most Valuable Player,1996,AL,,
gonzaju03,Most Valuable Player,1998,AL,,
gonzaju03,Silver Slugger,1992,AL,,OF
gonzaju03,Silver Slugger,1993,AL,,OF
gonzaju03,Silver Slugger,1996,AL,,OF
gonzaju03,Silver Slugger,1997,AL,,OF
gonzaju03,Silver Slugger,1998,AL,,OF
gonzaju03,Silver Slugger,2001,AL,,OF
gonzalu01,Silver Slugger,2001,NL,,OF
goodedw01,Cy Young Award,1985,NL,,
goodedw01,Silver Slugger,1992,NL,,P
goodmhu01,Silver Slugger,2025,NL,,C
gordoal01,Gold Glove,2011,AL,,LF
gordoal01,Gold Glove,2012,AL,,LF
gordoal01,Gold Glove,2013,AL,,LF
gordoal01,Gold Glove,2014,AL,,LF
gordoal01,Gold Glove,2017,AL,,LF
gordoal01,Gold Glove,2018,AL,,LF
gordoal01,Gold Glove,2019,AL,,LF
gordoal01,Gold Glove,2020,AL,,CF
gordode01,Gold Glove,2015,NL,,2B
gordode01,Silver Slugger,2015,NL,,2B
gordojo01,Most Valuable Player,1942,AL,,
gourryu01,Gold Glove,2021,AL,,1B
gracema01,Gold Glove,1992,NL,,1B
gracema01,Gold Glove,1993,NL,,1B
gracema01,Gold Glove,1995,NL,,1B
gracema01,Gold Glove,1996,NL,,1B
grandcu01,Silver Slugger,2011,AL,,OF
greenha01,Most Valuable Player,1935,AL,,
greenha01,Most Valuable Player,1940,AL,,
greenmi01,Silver Slugger,1988,AL,,OF
greenri02,Silver Slugger,2025,AL,,OF
greensh01,Gold Glove,1999,AL,,OF
greensh01,Silver Slugger,1999,AL,,OF
greinza01,Cy Young Award,2009,AL,,
greinza01,Gold Glove,2014,NL,,P
greinza01,Gold Glove,2015,NL,,P
greinza01,Gold Glove,2016,NL,,P
greinza01,Gold Glove,2017,NL,,P
greinza01,Gold Glove,2018,NL,,P
greinza01,Gold Glove,2019,NL,,P
greinza01,Silver Slugger,2013,NL,,P
greinza01,Silver Slugger,2019,NL,,P
grichbo01,Gold Glove,1973,AL,,2B
grichbo01,Gold Glove,1974,AL,,2B
grichbo01,Gold Glove,1975,AL,,2B
grichbo01,Gold Glove,1976,AL,,2B
grichbo01,Silver Slugger,1981,AL,,2B
griffal01,Gold Glove,1985,AL,,SS
griffdo01,Gold Glove,1972,AL,,2B
griffke02,Gold Glove,1990,AL,,OF
griffke02,Gold Glove,1991,AL,,OF
griffke02,Gold Glove,1992,AL,,OF
griffke02,Gold Glove,1993,AL,,OF
griffke02,Gold Glove,1994,AL,,OF
griffke02,Gold Glove,1995,AL,,OF
griffke02,Gold Glove,1996,AL,,OF
griffke02,Gold Glove,1997,AL,,OF
griffke02,Gold Glove,1998,AL,,OF
griffke02,Gold Glove,1999,AL,,OF
griffke02,Most Valuable Player,1997,AL,,
griffke02,Silver Slugger,1991,AL,,OF
griffke02,Silver Slugger,1993,AL,,OF
griffke02,Silver Slugger,1994,AL,,OF
griffke02,Silver Slugger,1996,AL,,OF
griffke02,Silver Slugger,1997,AL,,OF
griffke02,Silver Slugger,1998,AL,,OF
griffke02,Silver Slugger,1999,AL,,OF
grishtr01,Gold Glove,2020,NL,,CF
grishtr01,Gold Glove,2022,NL,,OF
grissma02,ALCS MVP,1997,AL,,
grissma02,Gold Glove,1993,NL,,OF
grissma02,Gold Glove,1994,NL,,OF
grissma02,Gold Glove,1995,NL,,OF
grissma02,Gold Glove,1996,NL,,OF
groatdi01,Most Valuable Player,1960,NL,,
grovele01,Most Valuable Player,1931,AL,,
grubeke01,Gold Glove,1990,AL,,3B
grubeke01,Silver Slugger,1990,AL,,3B
grudzma01,Gold Glove,2006,AL,,2B
guerrpe01,Silver Slugger,1982,NL,,OF
guerrpe01,World Series MVP,1981,ML,Y,
guerrvl01,Most Valuable Player,2004,AL,,
guerrvl01,Silver Slugger,1999,NL,,OF
guerrvl01,Silver Slugger,2000,NL,,OF
guerrvl01,Silver Slugger,2002,NL,,OF
guerrvl01,Silver Slugger,2004,AL,,OF
guerrvl01,Silver Slugger,2005,AL,,OF
guerrvl01,Silver Slugger,2006,AL,,OF
guerrvl01,Silver Slugger,2007,AL,,OF
guerrvl01,Silver Slugger,2010,AL,,DH
guerrvl02,ALCS MVP,2025,AL,,
guerrvl02,Gold Glove,2022,AL,,1B
guerrvl02,Silver Slugger,2021,AL,,1B
guerrvl02,Silver Slugger,2024,AL,,1B
guidrro01,Cy Young Award,1978,AL,,
guidrro01,Gold Glove,1982,AL,,P
guidrro01,Gold Glove,1983,AL,,P
guidrro01,Gold Glove,1984,AL,,P
guidrro01,Gold Glove,1985,AL,,P
guidrro01,Gold Glove,1986,AL,,P
guilloz01,Gold Glove,1990,AL,,SS
gutiefr01,Gold Glove,2010,AL,,OF
gwynnto01,Gold Glove,1986,NL,,OF
gwynnto01,Gold Glove,1987,NL,,OF
gwynnto01,Gold Glove,1989,NL,,OF
gwynnto01,Gold Glove,1990,NL,,OF
gwynnto01,Gold Glove,1991,NL,,OF
gwynnto01,Silver Slugger,1984,NL,,OF
gwynnto01,Silver Slugger,1986,NL,,OF
gwynnto01,Silver Slugger,1987,NL,,OF
gwynnto01,Silver Slugger,1989,NL,,OF
gwynnto01,Silver Slugger,1994,NL,,OF
gwynnto01,Silver Slugger,1995,NL,,OF
gwynnto01,Silver Slugger,1997,NL,,OF
haddiha01,Gold Glove,1958,NL,,P
haddiha01,Gold Glove,1959,NL,,P
haddiha01,Gold Glove,1960,NL,,P
hallaro01,Cy Young Award,2003,AL,,
hallaro01,Cy Young Award,2010,NL,,
hamelco01,NLCS MVP,2008,NL,,
hamelco01,World Series MVP,2008,ML,,
hamiljo03,ALCS MVP,2010,AL,,
hamiljo03,Most Valuable Player,2010,AL,,
hamiljo03,Silver Slugger,2008,AL,,OF
hamiljo03,Silver Slugger,2010,AL,,OF
hamiljo03,Silver Slugger,2012,AL,,OF
hamptmi01,Gold Glove,2003,NL,,P
hamptmi01,NLCS MVP,2000,NL,,
hamptmi01,Silver Slugger,1999,NL,,P
hamptmi01,Silver Slugger,2000,NL,,P
hamptmi01,Silver Slugger,2001,NL,,P
hamptmi01,Silver Slugger,2002,NL,,P
hamptmi01,Silver Slugger,2003,NL,,P
happia01,Gold Glove,2022,NL,,OF
happia01,Gold Glove,2023,NL,,OF
happia01,Gold Glove,2024,NL,,LF
happia01,Gold Glove,2025,NL,,LF
hardyjj01,Gold Glove,2012,AL,,SS
hardyjj01,Gold Glove,2013,AL,,SS
hardyjj01,Gold Glove,2014,AL,,SS
hardyjj01,Silver Slugger,2013,AL,,SS
harpebr03,Most Valuable Player,2015,NL,,
harpebr03,Most Valuable Player,2021,NL,,
harpebr03,NLCS MVP,2022,NL,,
harpebr03,Silver Slugger,2015,NL,,OF
harpebr03,Silver Slugger,2021,NL,,OF
harpebr03,Silver Slugger,2023,NL,,DH
harpebr03,Silver Slugger,2024,NL,,1B
harrebu01,Gold Glove,1971,NL,,SS
hartnga01,Most Valuable Player,1935,NL,,
hayeske01,Gold Glove,2023,NL,,3B
hayeske01,Gold Glove,2025,NL,,3B
headlch01,Gold Glove,2012,NL,,3B
headlch01,Silver Slugger,2012,NL,,3B
heimjo01,Gold Glove,2023,AL,,C
hellije01,Gold Glove,2012,AL,,P
helmsto01,Gold Glove,1970,NL,,2B
helmsto01,Gold Glove,1971,NL,,2B
heltoto01,Gold Glove,2001,NL,,1B
heltoto01,Gold Glove,2002,NL,,1B
heltoto01,Gold Glove,2004,NL,,1B
heltoto01,Silver Slugger,2000,NL,,1B
heltoto01,Silver Slugger,2001,NL,,1B
heltoto01,Silver Slugger,2002,NL,,1B
heltoto01,Silver Slugger,2003,NL,,1B
hendegu01,Silver Slugger,2023,AL,,UT
henderi01,ALCS MVP,1989,AL,,
henderi01,Gold Glove,1981,AL,,OF
henderi01,Most Valuable Player,1990,AL,,
henderi01,Silver Slugger,1981,AL,,OF
henderi01,Silver Slugger,1985,AL,,OF
henderi01,Silver Slugger,1990,AL,,OF
hendrge01,Silver Slugger,1980,NL,,OF
hendrge01,Silver Slugger,1983,NL,,1B
hentgpa01,Cy Young Award,1996,AL,,
hernace02,Gold Glove,2020,AL,,2B
hernafe02,Cy Young Award,2010,AL,,
hernake01,Gold Glove,1978,NL,,1B
hernake01,Gold Glove,1979,NL,,1B
hernake01,Gold Glove,1980,NL,,1B
hernake01,Gold Glove,1981,NL,,1B
hernake01,Gold Glove,1982,NL,,1B
hernake01,Gold Glove,1983,NL,,1B
hernake01,Gold Glove,1984,NL,,1B
hernake01,Gold Glove,1985,NL,,1B
hernake01,Gold Glove,1986,NL,,1B
hernake01,Gold Glove,1987,NL,,1B
hernake01,Gold Glove,1988,NL,,1B
hernake01,Most Valuable Player,1979,NL,Y,
hernake01,Silver Slugger,1980,NL,,1B
hernake01,Silver Slugger,1984,NL,,1B
hernali01,NLCS MVP,1997,NL,,
hernali01,Silver Slugger,2004,NL,,P
hernali01,World Series MVP,1997,ML,,
hernaor01,ALCS MVP,1999,AL,,
hernate01,Silver Slugger,2020,AL,,OF
hernate01,Silver Slugger,2021,AL,,OF
hernate01,Silver Slugger,2024,NL,,OF
hernawi01,Cy Young Award,1984,AL,,
hernawi01,Most Valuable Player,1984,AL,,
hershor01,ALCS MVP,1995,AL,,
hershor01,Cy Young Award,1988,NL,,
hershor01,Gold Glove,1988,NL,,P
hershor01,NLCS MVP,1988,NL,,
hershor01,Silver Slugger,1993,NL,,P
hershor01,World Series MVP,1988,ML,,
heywaja01,Gold Glove,2012,NL,,RF
heywaja01,Gold Glove,2014,NL,,RF
heywaja01,Gold Glove,2015,NL,,RF
heywaja01,Gold Glove,2016,NL,,OF
heywaja01,Gold Glove,2017,NL,,RF
hillaa01,Silver Slugger,2009,AL,,2B
hillaa01,Silver Slugger,2012,NL,,2B
hitchst01,NLCS MVP,1998,NL,,
hodgegi01,Gold Glove,1957,ML,,1B
hodgegi01,Gold Glove,1958,NL,,1B
hodgegi01,Gold Glove,1959,NL,,1B
hoernni01,Gold Glove,2023,NL,,2B
hoernni01,Gold Glove,2025,NL,,2B
hollima01,NLCS MVP,2007,NL,,
hollima01,Silver Slugger,2006,NL,,OF
hollima01,Silver Slugger,2007,NL,,OF
hollima01,Silver Slugger,2008,NL,,OF
hollima01,Silver Slugger,2010,NL,,OF
hootobu01,NLCS MVP,1981,NL,,
hornsro01,Most Valuable Player,1925,NL,,
hornsro01,Most Valuable Player,1929,NL,,
hosmeer01,Gold Glove,2013,AL,,1B
hosmeer01,Gold Glove,2014,AL,,1B
hosmeer01,Gold Glove,2015,AL,,1B
hosmeer01,Gold Glove,2017,AL,,1B
hosmeer01,Silver Slugger,2017,AL,,1B
howarel01,Gold Glove,1963,AL,,C
howarel01,Gold Glove,1964,AL,,C
howarel01,Most Valuable Player,1963,AL,,
howarry01,Most Valuable Player,2006,NL,,
howarry01,NLCS MVP,2009,NL,,
howarry01,Silver Slugger,2006,NL,,1B
hoytla01,Cy Young Award,1983,AL,,
hubbeca01,Most Valuable Player,1933,NL,,
hubbeca01,Most Valuable Player,1936,NL,,
hubbske01,Gold Glove,1962,NL,,2B
hudsoda01,Silver Slugger,2011,NL,,P
hudsoor01,Gold Glove,2005,AL,,2B
hudsoor01,Gold Glove,2006,NL,,2B
hudsoor01,Gold Glove,2007,NL,,2B
hudsoor01,Gold Glove,2009,NL,,2B
huffau01,Silver Slugger,2008,AL,,DH
hundlra01,Gold Glove,1967,NL,,C
hunteca01,Cy Young Award,1974,AL,,
hunteto01,Gold Glove,2001,AL,,OF
hunteto01,Gold Glove,2002,AL,,OF
hunteto01,Gold Glove,2003,AL,,OF
hunteto01,Gold Glove,2004,AL,,OF
hunteto01,Gold Glove,2005,AL,,OF
hunteto01,Gold Glove,2006,AL,,OF
hunteto01,Gold Glove,2007,AL,,OF
hunteto01,Gold Glove,2008,AL,,OF
hunteto01,Gold Glove,2009,AL,,OF
hunteto01,Silver Slugger,2009,AL,,OF
hunteto01,Silver Slugger,2013,AL,,OF
inciaen01,Gold Glove,2016,NL,,OF
inciaen01,Gold Glove,2017,NL,,CF
inciaen01,Gold Glove,2018,NL,,CF
izturce01,Gold Glove,2004,NL,,SS
jacksre01,Most Valuable Player,1973,AL,,
jacksre01,Silver Slugger,1980,AL,,DH
jacksre01,Silver Slugger,1982,AL,,OF
jacksre01,World Series MVP,1973,ML,,
jacksre01,World Series MVP,1977,ML,,
jenkife01,Cy Young Award,1971,NL,,
jenseja01,Gold Glove,1959,AL,,RF
jenseja01,Most Valuable Player,1958,AL,,
jeterde01,Gold Glove,2004,AL,,SS
jeterde01,Gold Glove,2005,AL,,SS
jeterde01,Gold Glove,2006,AL,,SS
jeterde01,Gold Glove,2009,AL,,SS
jeterde01,Gold Glove,2010,AL,,SS
jeterde01,Silver Slugger,2006,AL,,SS
jeterde01,Silver Slugger,2007,AL,,SS
jeterde01,Silver Slugger,2008,AL,,SS
jeterde01,Silver Slugger,2009,AL,,SS
jeterde01,Silver Slugger,2012,AL,,SS
jeterde01,World Series MVP,2000,ML,,
jimenel02,Silver Slugger,2020,AL,,OF
johnsch04,Gold Glove,1995,NL,,C
johnsch04,Gold Glove,1996,NL,,C
johnsch04,Gold Glove,1997,NL,,C
johnsch04,Gold Glove,1998,NL,,C
johnsda02,Gold Glove,1969,AL,,2B
johnsda02,Gold Glove,1970,AL,,2B
johnsda02,Gold Glove,1971,AL,,2B
johnsho01,Silver Slugger,1989,NL,,3B
johnsho01,Silver Slugger,1991,NL,,3B
johnsra05,Cy Young Award,1995,AL,,
johnsra05,Cy Young Award,1999,NL,,
johnsra05,Cy Young Award,2000,NL,,
johnsra05,Cy Young Award,2001,NL,,
johnsra05,Cy Young Award,2002,NL,,
johnsra05,World Series MVP,2001,ML,Y,
johnswa01,Most Valuable Player,1913,AL,,
johnswa01,Most Valuable Player,1924,AL,,
jonesad01,Gold Glove,2009,AL,,OF
jonesad01,Gold Glove,2012,AL,,CF
jonesad01,Gold Glove,2013,AL,,CF
jonesad01,Gold Glove,2014,AL,,RF
jonesad01,Silver Slugger,2013,AL,,OF
jonesan01,Gold Glove,1998,NL,,OF
jonesan01,Gold Glove,1999,NL,,OF
jonesan01,Gold Glove,2000,NL,,OF
jonesan01,Gold Glove,2001,NL,,OF
jonesan01,Gold Glove,2002,NL,,OF
jonesan01,Gold Glove,2003,NL,,OF
jonesan01,Gold Glove,2004,NL,,OF
jonesan01,Gold Glove,2005,NL,,OF
jonesan01,Gold Glove,2006,NL,,OF
jonesan01,Gold Glove,2007,NL,,OF
jonesan01,Silver Slugger,2005,NL,,OF
jonesch06,Most Valuable Player,1999,NL,,
jonesch06,Silver Slugger,1999,NL,,3B
jonesch06,Silver Slugger,2000,NL,,3B
jonesra01,Cy Young Award,1976,NL,,
jorgemi01,Gold Glove,1973,NL,,1B
judgeaa01,Most Valuable Player,2022,AL,,
judgeaa01,Most Valuable Player,2024,AL,,
judgeaa01,Most Valuable Player,2025,AL,,
judgeaa01,Silver Slugger,2017,AL,,OF
judgeaa01,Silver Slugger,2021,AL,,OF
judgeaa01,Silver Slugger,2022,AL,,OF
judgeaa01,Silver Slugger,2024,AL,,OF
judgeaa01,Silver Slugger,2025,AL,,OF
justida01,ALCS MVP,2000,AL,,
justida01,Silver Slugger,1993,NL,,OF
justida01,Silver Slugger,1997,AL,,OF
kaatji01,Gold Glove,1962,AL,,P
kaatji01,Gold Glove,1963,AL,,P
kaatji01,Gold Glove,1964,AL,,P
kaatji01,Gold Glove,1965,AL,,P
kaatji01,Gold Glove,1966,AL,,P
kaatji01,Gold Glove,1967,AL,,P
kaatji01,Gold Glove,1968,AL,,P
kaatji01,Gold Glove,1969,AL,,P
kaatji01,Gold Glove,1970,AL,,P
kaatji01,Gold Glove,1971,AL,,P
kaatji01,Gold Glove,1972,AL,,P
kaatji01,Gold Glove,1973,AL,,P
kaatji01,Gold Glove,1974,AL,,P
kaatji01,Gold Glove,1975,AL,,P
kaatji01,Gold Glove,1976,NL,,P
kaatji01,Gold Glove,1977,NL,,P
kalinal01,Gold Glove,1957,ML,,RF
kalinal01,Gold Glove,1958,AL,,RF
kalinal01,Gold Glove,1959,AL,,CF
kalinal01,Gold Glove,1961,AL,,OF
kalinal01,Gold Glove,1962,AL,,OF
kalinal01,Gold Glove,1963,AL,,OF
kalinal01,Gold Glove,1964,AL,,OF
kalinal01,Gold Glove,1965,AL,,OF
kalinal01,Gold Glove,1966,AL,,OF
kalinal01,Gold Glove,1967,AL,,OF
karroer01,Silver Slugger,1995,NL,,1B
kempma01,Gold Glove,2009,NL,,OF
kempma01,Gold Glove,2011,NL,,CF
kempma01,Silver Slugger,2009,NL,,OF
kempma01,Silver Slugger,2011,NL,,OF
kendrho01,NLCS MVP,2019,NL,,
kennead01,ALCS MVP,2002,AL,,
kennete02,Silver Slugger,1983,NL,,C
kentje01,Most Valuable Player,2000,NL,,
kentje01,Silver Slugger,2000,NL,,2B
kentje01,Silver Slugger,2001,NL,,2B
kentje01,Silver Slugger,2002,NL,,2B
kentje01,Silver Slugger,2005,NL,,2B
kershcl01,Cy Young Award,2011,NL,,
kershcl01,Cy Young Award,2013,NL,,
kershcl01,Cy Young Award,2014,NL,,
kershcl01,Gold Glove,2011,NL,,P
kershcl01,Most Valuable Player,2014,NL,,
kessido01,Gold Glove,1969,NL,,SS
kessido01,Gold Glove,1970,NL,,SS
keuchda01,Cy Young Award,2015,AL,,
keuchda01,Gold Glove,2014,AL,,P
keuchda01,Gold Glove,2015,AL,,P
keuchda01,Gold Glove,2016,AL,,P
keuchda01,Gold Glove,2018,AL,,P
keuchda01,Gold Glove,2021,AL,,P
kiermke01,Gold Glove,2015,AL,,CF
kiermke01,Gold Glove,2016,AL,,OF
kiermke01,Gold Glove,2019,AL,,CF
kiermke01,Gold Glove,2023,AL,,OF
killeha01,Most Valuable Player,1969,AL,,
kimha01,Gold Glove,2023,NL,,UT
kineris01,Gold Glove,2020,AL,,3B
kinslia01,Gold Glove,2016,AL,,2B
kinslia01,Gold Glove,2018,AL,,2B
kirkal01,Silver Slugger,2022,AL,,C
kleinch01,Most Valuable Player,1932,NL,,
klubeco01,Cy Young Award,2014,AL,,
klubeco01,Cy Young Award,2017,AL,,
knighra01,World Series MVP,1986,ML,,
knoblch01,Gold Glove,1997,AL,,2B
knoblch01,Silver Slugger,1995,AL,,2B
knoblch01,Silver Slugger,1997,AL,,2B
knoopbo01,Gold Glove,1966,AL,,2B
knoopbo01,Gold Glove,1967,AL,,2B
knoopbo01,Gold Glove,1968,AL,,2B
konerpa01,ALCS MVP,2005,AL,,
konstji01,Most Valuable Player,1950,NL,,
koufasa01,Cy Young Award,1963,ML,,
koufasa01,Cy Young Award,1965,ML,,
koufasa01,Cy Young Award,1966,ML,,
koufasa01,Most Valuable Player,1963,NL,,
koufasa01,World Series MVP,1963,ML,,
koufasa01,World Series MVP,1965,ML,,
kurtzni01,Silver Slugger,2025,AL,,1B
kwanst01,Gold Glove,2022,AL,,OF
kwanst01,Gold Glove,2023,AL,,OF
kwanst01,Gold Glove,2024,AL,,LF
kwanst01,Gold Glove,2025,AL,,LF
lagarju01,Gold Glove,2014,NL,,CF
landiji01,Gold Glove,1960,AL,,CF
landiji01,Gold Glove,1961,AL,,OF
landiji01,Gold Glove,1962,AL,,OF
landiji01,Gold Glove,1963,AL,,OF
landiji01,Gold Glove,1964,AL,,OF
langsma01,Gold Glove,1987,AL,,P
langsma01,Gold Glove,1988,AL,,P
langsma01,Gold Glove,1991,AL,,P
langsma01,Gold Glove,1992,AL,,P
langsma01,Gold Glove,1993,AL,,P
langsma01,Gold Glove,1994,AL,,P
langsma01,Gold Glove,1995,AL,,P
lansfca01,Silver Slugger,1981,AL,,3B
larkiba01,Gold Glove,1994,NL,,SS
larkiba01,Gold Glove,1995,NL,,SS
larkiba01,Gold Glove,1996,NL,,SS
larkiba01,Most Valuable Player,1995,NL,,
larkiba01,Silver Slugger,1988,NL,,SS
larkiba01,Silver Slugger,1989,NL,,SS
larkiba01,Silver Slugger,1990,NL,,SS
larkiba01,Silver Slugger,1991,NL,,SS
larkiba01,Silver Slugger,1992,NL,,SS
larkiba01,Silver Slugger,1995,NL,,SS
larkiba01,Silver Slugger,1996,NL,,SS
larkiba01,Silver Slugger,1998,NL,,SS
larkiba01,Silver Slugger,1999,NL,,SS
larocad01,Gold Glove,2012,NL,,1B
larocad01,Silver Slugger,2012,NL,,1B
larsedo01,World Series MVP,1956,ML,,
laryfr01,Gold Glove,1961,AL,,P
lavalmi01,Gold Glove,1987,NL,,C
lawve01,Cy Young Award,1960,ML,,
leakemi01,Gold Glove,2019,AL,,P
learyti01,Silver Slugger,1988,NL,,P
leeca01,Silver Slugger,2005,NL,,OF
leeca01,Silver Slugger,2007,NL,,OF
leecl02,Cy Young Award,2008,AL,,
leede02,Gold Glove,2003,NL,,1B
leede02,Gold Glove,2005,NL,,1B
leede02,Gold Glove,2007,NL,,1B
leede02,Silver Slugger,2005,NL,,1B
lemahdj01,Gold Glove,2014,NL,,2B
lemahdj01,Gold Glove,2017,NL,,2B
lemahdj01,Gold Glove,2018,NL,,2B
lemahdj01,Gold Glove,2022,AL,,UT
lemahdj01,Silver Slugger,2019,AL,,2B
lemahdj01,Silver Slugger,2020,AL,,2B
leonaje01,NLCS MVP,1987,NL,,
lestejo01,NLCS MVP,2016,NL,Y,Co-MVP
lewisda01,Gold Glove,1994,NL,,OF
lezcasi01,Gold Glove,1979,AL,,OF
liebemi01,Gold Glove,1999,NL,,C
linceti01,Cy Young Award,2008,NL,,
linceti01,Cy Young Award,2009,NL,,
lindad01,Silver Slugger,2009,AL,,DH
lindjo01,Gold Glove,1992,NL,,2B
lindofr01,Gold Glove,2016,AL,,SS
lindofr01,Gold Glove,2019,AL,,SS
lindofr01,Silver Slugger,2017,AL,,SS
lindofr01,Silver Slugger,2018,AL,,SS
lindofr01,Silver Slugger,2023,NL,,SS
lindofr01,Silver Slugger,2024,NL,,SS
loftoke01,Gold Glove,1993,AL,,OF
loftoke01,Gold Glove,1994,AL,,OF
loftoke01,Gold Glove,1995,AL,,OF
loftoke01,Gold Glove,1996,AL,,OF
lolicmi01,World Series MVP,1968,ML,,
lollash01,Gold Glove,1957,ML,,C
lollash01,Gold Glove,1958,AL,,C
lollash01,Gold Glove,1959,AL,,C
lombaer01,Most Valuable Player,1938,NL,,
lonboji01,Cy Young Award,1967,AL,,
longoev01,Gold Glove,2009,AL,,3B
longoev01,Gold Glove,2010,AL,,3B
longoev01,Gold Glove,2017,AL,,3B
longoev01,Silver Slugger,2009,AL,,3B
lopesda01,Gold Glove,1978,NL,,2B
lopezfe01,Silver Slugger,2005,NL,,SS
lopezja01,NLCS MVP,1996,NL,,
lopezja01,Silver Slugger,2003,NL,,C
loretma01,Silver Slugger,2004,NL,,2B
lowelmi01,Gold Glove,2005,NL,,3B
lowelmi01,Silver Slugger,2003,NL,,3B
lowelmi01,World Series MVP,2007,ML,,
lowena01,Gold Glove,2023,AL,,1B
lowena01,Silver Slugger,2022,AL,,1B
ludwiry01,Silver Slugger,2008,NL,,OF
lugose01,Gold Glove,2024,AL,,P
lylesp01,Cy Young Award,1977,AL,,
lynnfr01,ALCS MVP,1982,AL,,
lynnfr01,Gold Glove,1975,AL,,OF
lynnfr01,Gold Glove,1978,AL,,OF
lynnfr01,Gold Glove,1979,AL,,OF
lynnfr01,Gold Glove,1980,AL,,OF
lynnfr01,Most Valuable Player,1975,AL,,
machama01,Gold Glove,2013,AL,,3B
machama01,Gold Glove,2015,AL,,3B
machama01,Silver Slugger,2020,NL,,3B
machama01,Silver Slugger,2024,NL,,3B
machama01,Silver Slugger,2025,NL,,3B
maddoga01,Gold Glove,1975,NL,,OF
maddoga01,Gold Glove,1976,NL,,OF
maddoga01,Gold Glove,1977,NL,,OF
maddoga01,Gold Glove,1978,NL,,OF
maddoga01,Gold Glove,1979,NL,,OF
maddoga01,Gold Glove,1980,NL,,OF
maddoga01,Gold Glove,1981,NL,,OF
maddoga01,Gold Glove,1982,NL,,OF
maddugr01,Cy Young Award,1992,NL,,
maddugr01,Cy Young Award,1993,NL,,
maddugr01,Cy Young Award,1994,NL,,
maddugr01,Cy Young Award,1995,NL,,
maddugr01,Gold Glove,1990,NL,,P
maddugr01,Gold Glove,1991,NL,,P
maddugr01,Gold Glove,1992,NL,,P
maddugr01,Gold Glove,1993,NL,,P
maddugr01,Gold Glove,1994,NL,,P
maddugr01,Gold Glove,1995,NL,,P
maddugr01,Gold Glove,1996,NL,,P
maddugr01,Gold Glove,1997,NL,,P
maddugr01,Gold Glove,1998,NL,,P
maddugr01,Gold Glove,1999,NL,,P
maddugr01,Gold Glove,2000,NL,,P
maddugr01,Gold Glove,2001,NL,,P
maddugr01,Gold Glove,2002,NL,,P
maddugr01,Gold Glove,2004,NL,,P
maddugr01,Gold Glove,2005,NL,,P
maddugr01,Gold Glove,2006,NL,,P
maddugr01,Gold Glove,2007,NL,,P
maddugr01,Gold Glove,2008,NL,,P
maldoma01,Gold Glove,2017,AL,,C
malzofr01,Gold Glove,1957,ML,,3B
malzofr01,Gold Glove,1958,AL,,3B
malzofr01,Gold Glove,1959,AL,,3B
manniri01,Gold Glove,1976,AL,,OF
mantlmi01,Gold Glove,1962,AL,,OF
mantlmi01,Most Valuable Player,1956,AL,,
mantlmi01,Most Valuable Player,1957,AL,,
mantlmi01,Most Valuable Player,1962,AL,,
manwaki01,Gold Glove,1993,NL,,C
marioma01,Most Valuable Player,1944,NL,,
marisro01,Gold Glove,1960,AL,,RF
marisro01,Most Valuable Player,1960,AL,,
marisro01,Most Valuable Player,1961,AL,,
markani01,Gold Glove,2011,AL,,RF
markani01,Gold Glove,2014,AL,,CF
markani01,Gold Glove,2018,NL,,RF
markani01,Silver Slugger,2018,NL,,OF
marquge01,Silver Slugger,2018,NL,,P
marquja01,Silver Slugger,2005,NL,,P
marshmi01,Cy Young Award,1974,NL,,
marteke01,NLCS MVP,2023,NL,,
marteke01,Silver Slugger,2024,NL,,2B
marteke01,Silver Slugger,2025,NL,,2B
martest01,Gold Glove,2015,NL,,LF
martest01,Gold Glove,2016,NL,,OF
martied01,Silver Slugger,1992,AL,,3B
martied01,Silver Slugger,1995,AL,,DH
martied01,Silver Slugger,1997,AL,,DH
martied01,Silver Slugger,2001,AL,,DH
martied01,Silver Slugger,2003,AL,,DH
martijd02,Silver Slugger,2015,AL,,OF
martijd02,Silver Slugger,2018,AL,,DH
martijd02,Silver Slugger,2018,AL,,OF
martipe02,Cy Young Award,1997,NL,,
martipe02,Cy Young Award,1999,AL,,
martipe02,Cy Young Award,2000,AL,,
martiru01,Gold Glove,2007,NL,,C
martiru01,Silver Slugger,2007,NL,,C
martiti02,Silver Slugger,1997,AL,,1B
martivi01,Silver Slugger,2004,AL,Y,C
martivi01,Silver Slugger,2014,AL,,DH
mathemi01,Gold Glove,2000,NL,,C
mathemi01,Gold Glove,2003,NL,,C
mathemi01,Gold Glove,2004,NL,,C
mathemi01,Gold Glove,2005,NL,,C
matsuhi01,World Series MVP,2009,ML,,
matthga01,NLCS MVP,1983,NL,,
mattido01,Gold Glove,1985,AL,,1B
mattido01,Gold Glove,1986,AL,,1B
mattido01,Gold Glove,1987,AL,,1B
mattido01,Gold Glove,1988,AL,,1B
mattido01,Gold Glove,1989,AL,,1B
mattido01,Gold Glove,1991,AL,,1B
mattido01,Gold Glove,1992,AL,,1B
mattido01,Gold Glove,1993,AL,,1B
mattido01,Gold Glove,1994,AL,,1B
mattido01,Most Valuable Player,1985,AL,,
mattido01,Silver Slugger,1985,AL,,1B
mattido01,Silver Slugger,1986,AL,,1B
mattido01,Silver Slugger,1987,AL,,1B
mauerjo01,Gold Glove,2008,AL,,C
mauerjo01,Gold Glove,2009,AL,,C
mauerjo01,Gold Glove,2010,AL,,C
mauerjo01,Most Valuable Player,2009,AL,,
mauerjo01,Silver Slugger,2006,AL,,C
mauerjo01,Silver Slugger,2008,AL,,C
mauerjo01,Silver Slugger,2009,AL,,C
mauerjo01,Silver Slugger,2010,AL,,C
mauerjo01,Silver Slugger,2013,AL,,C
maxvida01,Gold Glove,1968,NL,,SS
mayswi01,Gold Glove,1957,ML,,CF
mayswi01,Gold Glove,1958,NL,,CF
mayswi01,Gold Glove,1959,NL,,CF
mayswi01,Gold Glove,1960,NL,,CF
mayswi01,Gold Glove,1961,NL,,OF
mayswi01,Gold Glove,1962,NL,,OF
mayswi01,Gold Glove,1963,NL,,OF
mayswi01,Gold Glove,1964,NL,,OF
mayswi01,Gold Glove,1965,NL,,OF
mayswi01,Gold Glove,1966,NL,,OF
mayswi01,Gold Glove,1967,NL,,OF
mayswi01,Gold Glove,1968,NL,,OF
mayswi01,Most Valuable Player,1954,NL,,
mayswi01,Most Valuable Player,1965,NL,,
mazerbi01,Gold Glove,1958,NL,,2B
mazerbi01,Gold Glove,1960,NL,,2B
mazerbi01,Gold Glove,1961,NL,,2B
mazerbi01,Gold Glove,1963,NL,,2B
mazerbi01,Gold Glove,1964,NL,,2B
mazerbi01,Gold Glove,1965,NL,,2B
mazerbi01,Gold Glove,1966,NL,,2B
mazerbi01,Gold Glove,1967,NL,,2B
mccanbr01,Silver Slugger,2006,NL,,C
mccanbr01,Silver Slugger,2008,NL,,C
mccanbr01,Silver Slugger,2009,NL,,C
mccanbr01,Silver Slugger,2010,NL,,C
mccanbr01,Silver Slugger,2011,NL,,C
mccanbr01,Silver Slugger,2015,AL,,C
mccorfr01,Most Valuable Player,1940,NL,,
mccormi03,Cy Young Award,1967,NL,,
mccovwi01,Most Valuable Player,1969,NL,,
mccutan01,Gold Glove,2012,NL,,CF
mccutan01,Most Valuable Player,2013,NL,,
mccutan01,Silver Slugger,2012,NL,,OF
mccutan01,Silver Slugger,2013,NL,,OF
mccutan01,Silver Slugger,2014,NL,,OF
mccutan01,Silver Slugger,2015,NL,,OF
mcdowja01,Cy Young Award,1993,AL,,
mcgeewi01,Gold Glove,1983,NL,,OF
mcgeewi01,Gold Glove,1985,NL,,OF
mcgeewi01,Gold Glove,1986,NL,,OF
mcgeewi01,Most Valuable Player,1985,NL,,
mcgeewi01,Silver Slugger,1985,NL,,OF
mcgrifr01,Silver Slugger,1989,AL,,1B
mcgrifr01,Silver Slugger,1992,NL,,1B
mcgrifr01,Silver Slugger,1993,NL,,1B
mcgwima01,Gold Glove,1990,AL,,1B
mcgwima01,Silver Slugger,1992,AL,,1B
mcgwima01,Silver Slugger,1996,AL,,1B
mcgwima01,Silver Slugger,1998,NL,,1B
mclaide01,Cy Young Award,1968,AL,,
mclaide01,Cy Young Award,1969,AL,Y,
mclaide01,Most Valuable Player,1968,AL,,
mclouna01,Gold Glove,2008,NL,,OF
mcmilro01,Gold Glove,1957,ML,,SS
mcmilro01,Gold Glove,1958,NL,,SS
mcmilro01,Gold Glove,1959,NL,,SS
mcneije01,Silver Slugger,2022,NL,,2B
mcraeha01,Silver Slugger,1982,AL,,DH
medwijo01,Most Valuable Player,1937,NL,,
merrija01,Silver Slugger,2024,NL,,OF
messean01,Gold Glove,1974,NL,,P
messean01,Gold Glove,1975,NL,,P
metzgro01,Gold Glove,1973,NL,,SS
mientdo01,Gold Glove,2001,AL,,1B
millafe01,Gold Glove,1969,NL,,2B
millafe01,Gold Glove,1972,NL,,2B
millean01,ALCS MVP,2016,AL,,
milleri01,Gold Glove,1978,AL,,OF
minosmi01,Gold Glove,1957,ML,,LF
minosmi01,Gold Glove,1959,AL,,LF
minosmi01,Gold Glove,1960,AL,,LF
mitchke01,Most Valuable Player,1989,NL,,
mitchke01,Silver Slugger,1989,NL,,OF
molinbe01,Gold Glove,2002,AL,,C
molinbe01,Gold Glove,2003,AL,,C
molinya01,Gold Glove,2008,NL,,C
molinya01,Gold Glove,2009,NL,,C
molinya01,Gold Glove,2010,NL,,C
molinya01,Gold Glove,2011,NL,,C
molinya01,Gold Glove,2012,NL,,C
molinya01,Gold Glove,2013,NL,,C
molinya01,Gold Glove,2014,NL,,C
molinya01,Gold Glove,2015,NL,,C
molinya01,Gold Glove,2018,NL,,C
molinya01,Silver Slugger,2013,NL,,C
molitpa01,Silver Slugger,1987,AL,,DH
molitpa01,Silver Slugger,1988,AL,,DH
molitpa01,Silver Slugger,1993,AL,,DH
molitpa01,Silver Slugger,1996,AL,,DH
molitpa01,World Series MVP,1993,ML,,
mondera01,Gold Glove,1995,NL,,OF
mondera01,Gold Glove,1997,NL,,OF
moonwa01,Gold Glove,1960,NL,,LF
mooredy01,Gold Glove,2024,AL,,UT
moralke01,Silver Slugger,2015,AL,,DH
morame01,Silver Slugger,2004,AL,,3B
morelmi01,Gold Glove,2016,AL,,1B
morenga01,Gold Glove,2023,NL,,C
morgajo02,Gold Glove,1973,NL,,2B
morgajo02,Gold Glove,1974,NL,,2B
morgajo02,Gold Glove,1975,NL,,2B
morgajo02,Gold Glove,1976,NL,,2B
morgajo02,Gold Glove,1977,NL,,2B
morgajo02,Most Valuable Player,1975,NL,,
morgajo02,Most Valuable Player,1976,NL,,
morgajo02,Silver Slugger,1982,NL,,2B
morneju01,Most Valuable Player,2006,AL,,
morneju01,Silver Slugger,2006,AL,,1B
morneju01,Silver Slugger,2008,AL,,1B
morrija02,World Series MVP,1991,ML,,
mosebll01,Silver Slugger,1983,AL,,OF
muellbi02,Silver Slugger,2003,AL,,3B
mullice01,Silver Slugger,2021,AL,,OF
munsoth01,Gold Glove,1973,AL,,C
munsoth01,Gold Glove,1974,AL,,C
munsoth01,Gold Glove,1975,AL,,C
munsoth01,Most Valuable Player,1976,AL,,
murcebo01,Gold Glove,1972,AL,,OF
murphda05,Gold Glove,1982,NL,,OF
murphda05,Gold Glove,1983,NL,,OF
murphda05,Gold Glove,1984,NL,,OF
murphda05,Gold Glove,1985,NL,,OF
murphda05,Gold Glove,1986,NL,,OF
murphda05,Most Valuable Player,1982,NL,,
murphda05,Most Valuable Player,1983,NL,,
murphda05,Silver Slugger,1982,NL,,OF
murphda05,Silver Slugger,1983,NL,,OF
murphda05,Silver Slugger,1984,NL,,OF
murphda05,Silver Slugger,1985,NL,,OF
murphda08,NLCS MVP,2015,NL,,
murphda08,Silver Slugger,2016,NL,,2B
murphda08,Silver Slugger,2017,NL,,2B
murphdw01,Gold Glove,1980,AL,,OF
murphdw01,Gold Glove,1981,AL,,OF
murphdw01,Gold Glove,1982,AL,,OF
murphdw01,Gold Glove,1983,AL,,OF
murphdw01,Gold Glove,1984,AL,,OF
murphdw01,Gold Glove,1985,AL,Y,OF
murphse01,Gold Glove,2021,AL,,C
murraed02,Gold Glove,1982,AL,,1B
murraed02,Gold Glove,1983,AL,,1B
murraed02,Gold Glove,1984,AL,,1B
murraed02,Silver Slugger,1983,AL,,1B
murraed02,Silver Slugger,1984,AL,,1B
murraed02,Silver Slugger,1990,NL,,1B
musiast01,Most Valuable Player,1943,NL,,
musiast01,Most Valuable Player,1946,NL,,
musiast01,Most Valuable Player,1948,NL,,
mussimi01,Gold Glove,1996,AL,,P
mussimi01,Gold Glove,1997,AL,,P
mussimi01,Gold Glove,1998,AL,,P
mussimi01,Gold Glove,1999,AL,,P
mussimi01,Gold Glove,2001,AL,,P
mussimi01,Gold Glove,2003,AL,,P
mussimi01,Gold Glove,2008,AL,,P
myersra01,NLCS MVP,1990,NL,,
nealch01,Gold Glove,1959,NL,,2B
nettlgr01,ALCS MVP,1981,AL,,
nettlgr01,Gold Glove,1977,AL,,3B
nettlgr01,Gold Glove,1978,AL,,3B
newcodo01,Cy Young Award,1956,ML,,
newcodo01,Most Valuable Player,1956,NL,,
newhoha01,Most Valuable Player,1944,AL,,
newhoha01,Most Valuable Player,1945,AL,,
niekrph01,Gold Glove,1978,NL,,P
niekrph01,Gold Glove,1979,NL,,P
niekrph01,Gold Glove,1980,NL,,P
niekrph01,Gold Glove,1982,NL,,P
niekrph01,Gold Glove,1983,NL,,P
nokesma01,Silver Slugger,1987,AL,,C
norrimi01,Gold Glove,1980,AL,,P
norrimi01,Gold Glove,1981,AL,,P
ofarrbo01,Most Valuable Player,1926,NL,,
oglivbe01,Silver Slugger,1980,AL,,OF
ohtansh01,Most Valuable Player,2021,AL,,
ohtansh01,Most Valuable Player,2023,AL,,
ohtansh01,Most Valuable Player,2024,NL,,
ohtansh01,Most Valuable Player,2025,NL,,
ohtansh01,NLCS MVP,2025,NL,,
ohtansh01,Silver Slugger,2021,AL,,DH
ohtansh01,Silver Slugger,2023,AL,,DH
ohtansh01,Silver Slugger,2024,NL,,DH
ohtansh01,Silver Slugger,2025,NL,,DH
olerujo01,Gold Glove,2000,AL,,1B
olerujo01,Gold Glove,2002,AL,,1B
olerujo01,Gold Glove,2003,AL,,1B
olivato01,Gold Glove,1966,AL,,OF
oliveal01,Silver Slugger,1980,AL,,OF
oliveal01,Silver Slugger,1981,AL,,DH
oliveal01,Silver Slugger,1982,NL,,1B
olsonma02,Gold Glove,2018,AL,,1B
olsonma02,Gold Glove,2019,AL,,1B
olsonma02,Gold Glove,2025,NL,,1B
olsonma02,Silver Slugger,2023,NL,,1B
oneilty01,Gold Glove,2020,NL,,LF
oneilty01,Gold Glove,2021,NL,,LF
ordonma01,Silver Slugger,2000,AL,,OF
ordonma01,Silver Slugger,2002,AL,,OF
ordonma01,Silver Slugger,2007,AL,,OF
ordonre01,Gold Glove,1997,NL,,SS
ordonre01,Gold Glove,1998,NL,,SS
ordonre01,Gold Glove,1999,NL,,SS
ortizda01,ALCS MVP,2004,AL,,
ortizda01,Silver Slugger,2004,AL,,DH
ortizda01,Silver Slugger,2005,AL,,DH
ortizda01,Silver Slugger,2006,AL,,DH
ortizda01,Silver Slugger,2007,AL,,DH
ortizda01,Silver Slugger,2011,AL,,DH
ortizda01,Silver Slugger,2013,AL,,DH
ortizda01,Silver Slugger,2016,AL,,DH
ortizda01,World Series MVP,2013,ML,,
oswalro01,NLCS MVP,2005,NL,,
otisam01,Gold Glove,1971,AL,,OF
otisam01,Gold Glove,1973,AL,,OF
otisam01,Gold Glove,1974,AL,,OF
owingmi01,Silver Slugger,2007,NL,,P
ozunama01,Gold Glove,2017,NL,,LF
ozunama01,Silver Slugger,2017,NL,,OF
ozunama01,Silver Slugger,2020,NL,,DH
pagnoto01,Gold Glove,1991,NL,,C
pagnoto01,Gold Glove,1992,NL,,C
pagnoto01,Gold Glove,1994,NL,,C
palmede01,Silver Slugger,1998,AL,,3B
palmede01,Silver Slugger,1999,AL,,3B
palmeji01,Cy Young Award,1973,AL,,
palmeji01,Cy Young Award,1975,AL,,
palmeji01,Cy Young Award,1976,AL,,
palmeji01,Gold Glove,1976,AL,,P
palmeji01,Gold Glove,1977,AL,,P
palmeji01,Gold Glove,1978,AL,,P
palmeji01,Gold Glove,1979,AL,,P
palmera01,Gold Glove,1997,AL,,1B
palmera01,Gold Glove,1998,AL,,1B
palmera01,Gold Glove,1999,AL,,1B
palmera01,Silver Slugger,1998,AL,,1B
palmera01,Silver Slugger,1999,AL,,DH
panikjo01,Gold Glove,2016,NL,,2B
parkeda01,Gold Glove,1977,NL,,OF
parkeda01,Gold Glove,1978,NL,,OF
parkeda01,Gold Glove,1979,NL,,OF
parkeda01,Most Valuable Player,1978,NL,,
parkeda01,Silver Slugger,1985,NL,,OF
parkeda01,Silver Slugger,1986,NL,,OF
parkeda01,Silver Slugger,1990,AL,,DH
parkewe01,Gold Glove,1967,NL,,1B
parkewe01,Gold Glove,1968,NL,,1B
parkewe01,Gold Glove,1969,NL,,1B
parkewe01,Gold Glove,1970,NL,,1B
parkewe01,Gold Glove,1971,NL,,1B
parkewe01,Gold Glove,1972,NL,,1B
parrage01,Gold Glove,2011,NL,,LF
parrage01,Gold Glove,2013,NL,,RF
parrila02,Gold Glove,1983,AL,,C
parrila02,Gold Glove,1984,AL,,C
parrila02,Gold Glove,1985,AL,,C
parrila02,Silver Slugger,1980,AL,,C
parrila02,Silver Slugger,1982,AL,,C
parrila02,Silver Slugger,1983,AL,,C
parrila02,Silver Slugger,1984,AL,,C
parrila02,Silver Slugger,1986,AL,,C
parrila02,Silver Slugger,1990,AL,,C
pearcst01,World Series MVP,2018,ML,,
peavyja01,Cy Young Award,2007,NL,,
peckiro01,Most Valuable Player,1925,AL,,
pedrodu01,Gold Glove,2008,AL,,2B
pedrodu01,Gold Glove,2011,AL,,2B
pedrodu01,Gold Glove,2013,AL,,2B
pedrodu01,Gold Glove,2014,AL,,2B
pedrodu01,Most Valuable Player,2008,AL,,
pedrodu01,Silver Slugger,2008,AL,,2B
penaca01,Gold Glove,2008,AL,,1B
penaca01,Silver Slugger,2007,AL,,1B
penaje02,ALCS MVP,2022,AL,,
penaje02,Gold Glove,2022,AL,,SS
penaje02,World Series MVP,2022,ML,,
penato01,Gold Glove,1983,NL,,C
penato01,Gold Glove,1984,NL,,C
penato01,Gold Glove,1985,NL,,C
penato01,Gold Glove,1991,AL,,C
pendlte01,Gold Glove,1987,NL,,3B
pendlte01,Gold Glove,1989,NL,,3B
pendlte01,Gold Glove,1992,NL,,3B
pendlte01,Most Valuable Player,1991,NL,,
pepitjo01,Gold Glove,1965,AL,,1B
pepitjo01,Gold Glove,1966,AL,,1B
pepitjo01,Gold Glove,1969,AL,,1B
peralda01,Gold Glove,2019,NL,,RF
peralda01,Silver Slugger,2018,NL,,OF
perdoge01,Silver Slugger,2025,NL,,SS
perezed02,NLCS MVP,1999,NL,,
perezne01,Gold Glove,2000,NL,,SS
perezro02,Gold Glove,2019,AL,,C
perezro02,Gold Glove,2020,AL,,C
perezsa02,Gold Glove,2013,AL,,C
perezsa02,Gold Glove,2014,AL,,C
perezsa02,Gold Glove,2015,AL,,C
perezsa02,Gold Glove,2016,AL,,C
perezsa02,Gold Glove,2018,AL,,C
perezsa02,Silver Slugger,2016,AL,,C
perezsa02,Silver Slugger,2018,AL,,C
perezsa02,Silver Slugger,2020,AL,,C
perezsa02,Silver Slugger,2021,AL,,C
perezsa02,Silver Slugger,2024,AL,,C
perezsa02,World Series MVP,2015,ML,,
perryga01,Cy Young Award,1972,AL,,
perryga01,Cy Young Award,1978,NL,,
perryji01,Cy Young Award,1970,AL,,
pettian01,ALCS MVP,2001,AL,,
pettiga01,Gold Glove,1985,AL,,OF
pettiga01,Gold Glove,1986,AL,,OF
pettiga01,Gold Glove,1988,AL,,OF
pettiga01,Gold Glove,1989,AL,,OF
pettiga01,Gold Glove,1990,AL,,OF
phillbr01,Gold Glove,2008,NL,,2B
phillbr01,Gold Glove,2010,NL,,2B
phillbr01,Gold Glove,2011,NL,,2B
phillbr01,Gold Glove,2013,NL,,2B
phillbr01,Silver Slugger,2011,NL,,2B
piazzmi01,Silver Slugger,1993,NL,,C
piazzmi01,Silver Slugger,1994,NL,,C
piazzmi01,Silver Slugger,1995,NL,,C
piazzmi01,Silver Slugger,1996,NL,,C
piazzmi01,Silver Slugger,1997,NL,,C
piazzmi01,Silver Slugger,1998,NL,,C
piazzmi01,Silver Slugger,1999,NL,,C
piazzmi01,Silver Slugger,2000,NL,,C
piazzmi01,Silver Slugger,2001,NL,,C
piazzmi01,Silver Slugger,2002,NL,,C
piersji01,Gold Glove,1958,AL,,CF
piersji01,Gold Glove,1961,AL,,OF
pierzaj01,Silver Slugger,2012,AL,,C
pinsova01,Gold Glove,1961,NL,,OF
podrejo01,World Series MVP,1955,ML,,
polanpl01,ALCS MVP,2006,AL,,
polanpl01,Gold Glove,2007,AL,,2B
polanpl01,Gold Glove,2009,AL,,2B
polanpl01,Gold Glove,2011,NL,,3B
polanpl01,Silver Slugger,2007,AL,,2B
polloaj01,Gold Glove,2015,NL,,CF
porceri01,Cy Young Award,2016,AL,,
porteda02,NLCS MVP,1982,NL,,
porteda02,World Series MVP,1982,ML,,
portuma01,Silver Slugger,1994,NL,,P
posadjo01,Silver Slugger,2000,AL,,C
posadjo01,Silver Slugger,2001,AL,,C
posadjo01,Silver Slugger,2002,AL,,C
posadjo01,Silver Slugger,2003,AL,,C
posadjo01,Silver Slugger,2007,AL,,C
poseybu01,Gold Glove,2016,NL,,C
poseybu01,Most Valuable Player,2012,NL,,
poseybu01,Silver Slugger,2012,NL,,C
poseybu01,Silver Slugger,2014,NL,,C
poseybu01,Silver Slugger,2015,NL,,C
poseybu01,Silver Slugger,2017,NL,,C
poseybu01,Silver Slugger,2021,NL,,C
powelbo01,Most Valuable Player,1970,AL,,
powervi01,Gold Glove,1958,AL,,1B
powervi01,Gold Glove,1959,AL,,1B
powervi01,Gold Glove,1960,AL,,1B
powervi01,Gold Glove,1961,AL,,1B
powervi01,Gold Glove,1962,AL,,1B
powervi01,Gold Glove,1963,AL,,1B
powervi01,Gold Glove,1964,AL,,1B
priceda01,Cy Young Award,2012,AL,,
profaju01,Silver Slugger,2024,NL,,OF
puckeki01,ALCS MVP,1991,AL,,
puckeki01,Gold Glove,1986,AL,,OF
puckeki01,Gold Glove,1987,AL,,OF
puckeki01,Gold Glove,1988,AL,,OF
puckeki01,Gold Glove,1989,AL,,OF
puckeki01,Gold Glove,1991,AL,,OF
puckeki01,Gold Glove,1992,AL,,OF
puckeki01,Silver Slugger,1986,AL,,OF
puckeki01,Silver Slugger,1987,AL,,OF
puckeki01,Silver Slugger,1988,AL,,OF
puckeki01,Silver Slugger,1989,AL,,OF
puckeki01,Silver Slugger,1992,AL,,OF
puckeki01,Silver Slugger,1994,AL,,OF
pujolal01,Gold Glove,2006,NL,,1B
pujolal01,Gold Glove,2010,NL,,1B
pujolal01,Most Valuable Player,2005,NL,,
pujolal01,Most Valuable Player,2008,NL,,
pujolal01,Most Valuable Player,2009,NL,,
pujolal01,NLCS MVP,2004,NL,,
pujolal01,Silver Slugger,2001,NL,,3B
pujolal01,Silver Slugger,2003,NL,,OF
pujolal01,Silver Slugger,2004,NL,,1B
pujolal01,Silver Slugger,2008,NL,,1B
pujolal01,Silver Slugger,2009,NL,,1B
pujolal01,Silver Slugger,2010,NL,,1B
quentca01,Silver Slugger,2008,AL,,OF
raderdo02,Gold Glove,1970,NL,,3B
raderdo02,Gold Glove,1971,NL,,3B
raderdo02,Gold Glove,1972,NL,,3B
raderdo02,Gold Glove,1973,NL,,3B
raderdo02,Gold Glove,1974,NL,,3B
rafaece01,Gold Glove,2025,AL,,CF
raineti01,Silver Slugger,1986,NL,,OF
raleica01,Gold Glove,2024,AL,,C
raleica01,Silver Slugger,2025,AL,,C
ramiral03,Silver Slugger,2010,AL,,SS
ramiral03,Silver Slugger,2014,AL,,SS
ramirar01,Silver Slugger,2011,NL,,3B
ramirha01,Silver Slugger,2008,NL,,SS
ramirha01,Silver Slugger,2009,NL,,SS
ramirjo01,Silver Slugger,2017,AL,,3B
ramirjo01,Silver Slugger,2018,AL,,3B
ramirjo01,Silver Slugger,2020,AL,,3B
ramirjo01,Silver Slugger,2022,AL,,3B
ramirjo01,Silver Slugger,2024,AL,,3B
ramirjo01,Silver Slugger,2025,AL,,3B
ramirma02,Silver Slugger,1995,AL,,OF
ramirma02,Silver Slugger,1999,AL,,OF
ramirma02,Silver Slugger,2000,AL,,OF
ramirma02,Silver Slugger,2001,AL,,OF
ramirma02,Silver Slugger,2002,AL,,DH
ramirma02,Silver Slugger,2003,AL,,OF
ramirma02,Silver Slugger,2004,AL,,OF
ramirma02,Silver Slugger,2005,AL,,OF
ramirma02,Silver Slugger,2006,AL,,OF
ramirma02,World Series MVP,2004,ML,,
ramoswi01,Silver Slugger,2016,NL,,C
randowi01,Silver Slugger,1980,AL,,2B
rayjo01,Silver Slugger,1983,NL,,2B
rayro02,Cy Young Award,2021,AL,,
realmjt01,Gold Glove,2019,NL,,C
realmjt01,Gold Glove,2022,NL,,C
realmjt01,Silver Slugger,2018,NL,,C
realmjt01,Silver Slugger,2019,NL,,C
realmjt01,Silver Slugger,2022,NL,,C
reddijo01,Gold Glove,2012,AL,,RF
reesepo01,Gold Glove,1999,NL,,2B
reesepo01,Gold Glove,2000,NL,,2B
reitzke01,Gold Glove,1975,NL,,3B
rendoan01,Silver Slugger,2014,NL,,3B
rendoan01,Silver Slugger,2019,NL,,3B
renteed01,Gold Glove,2002,NL,,SS
renteed01,Gold Glove,2003,NL,,SS
renteed01,Silver Slugger,2000,NL,,SS
renteed01,Silver Slugger,2002,NL,,SS
renteed01,Silver Slugger,2003,NL,,SS
renteed01,World Series MVP,2010,ML,,
reuscri01,Gold Glove,1985,NL,,P
reuscri01,Gold Glove,1987,NL,,P
reyesjo01,Silver Slugger,2006,NL,,SS
reynoha01,Gold Glove,1988,AL,,2B
reynoha01,Gold Glove,1989,AL,,2B
reynoha01,Gold Glove,1990,AL,,2B
rhoderi01,Silver Slugger,1984,NL,,P
rhoderi01,Silver Slugger,1985,NL,,P
rhoderi01,Silver Slugger,1986,NL,,P
riceji01,Most Valuable Player,1978,AL,,
riceji01,Silver Slugger,1983,AL,,OF
riceji01,Silver Slugger,1984,AL,,OF
richabo01,Gold Glove,1961,AL,,2B
richabo01,Gold Glove,1962,AL,,2B
richabo01,Gold Glove,1963,AL,,2B
richabo01,Gold Glove,1964,AL,,2B
richabo01,Gold Glove,1965,AL,,2B
richabo01,World Series MVP,1960,ML,,
rijojo01,World Series MVP,1990,ML,,
rileyau01,Silver Slugger,2021,NL,,3B
rileyau01,Silver Slugger,2023,NL,,3B
ripkeca01,Gold Glove,1991,AL,,SS
ripkeca01,Gold Glove,1992,AL,,SS
ripkeca01,Most Valuable Player,1983,AL,,
ripkeca01,Most Valuable Player,1991,AL,,
ripkeca01,Silver Slugger,1983,AL,,SS
ripkeca01,Silver Slugger,1984,AL,,SS
ripkeca01,Silver Slugger,1985,AL,,SS
ripkeca01,Silver Slugger,1986,AL,,SS
ripkeca01,Silver Slugger,1989,AL,,SS
ripkeca01,Silver Slugger,1991,AL,,SS
ripkeca01,Silver Slugger,1993,AL,,SS
ripkeca01,Silver Slugger,1994,AL,,SS
riverma01,ALCS MVP,2003,AL,,
riverma01,World Series MVP,1999,ML,,
rizzoan01,Gold Glove,2016,NL,,1B
rizzoan01,Gold Glove,2018,NL,Y,1B
rizzoan01,Gold Glove,2019,NL,,1B
rizzoan01,Gold Glove,2020,NL,,1B
rizzoan01,Silver Slugger,2016,NL,,1B
rizzuph01,Most Valuable Player,1950,AL,,
roberlu01,Gold Glove,2020,AL,,LF
roberlu01,Silver Slugger,2023,AL,,OF
robinbr01,Gold Glove,1960,AL,,3B
robinbr01,Gold Glove,1961,AL,,3B
robinbr01,Gold Glove,1962,AL,,3B
robinbr01,Gold Glove,1963,AL,,3B
robinbr01,Gold Glove,1964,AL,,3B
robinbr01,Gold Glove,1965,AL,,3B
robinbr01,Gold Glove,1966,AL,,3B
robinbr01,Gold Glove,1967,AL,,3B
robinbr01,Gold Glove,1968,AL,,3B
robinbr01,Gold Glove,1969,AL,,3B
robinbr01,Gold Glove,1970,AL,,3B
robinbr01,Gold Glove,1971,AL,,3B
robinbr01,Gold Glove,1972,AL,,3B
robinbr01,Gold Glove,1973,AL,,3B
robinbr01,Gold Glove,1974,AL,,3B
robinbr01,Gold Glove,1975,AL,,3B
robinbr01,Most Valuable Player,1964,AL,,
robinbr01,World Series MVP,1970,ML,,
robindo01,Silver Slugger,1982,NL,,P
robindo01,Silver Slugger,1989,NL,,P
robindo01,Silver Slugger,1990,NL,,P
robinfr02,Gold Glove,1958,NL,,LF
robinfr02,Most Valuable Player,1961,NL,,
robinfr02,Most Valuable Player,1966,AL,,
robinfr02,World Series MVP,1966,ML,,
robinja02,Most Valuable Player,1949,NL,,
rodgebr02,Gold Glove,2022,NL,,2B
rodrial01,Gold Glove,2002,AL,,SS
rodrial01,Gold Glove,2003,AL,,SS
rodrial01,Most Valuable Player,2003,AL,,
rodrial01,Most Valuable Player,2005,AL,,
rodrial01,Most Valuable Player,2007,AL,,
rodrial01,Silver Slugger,1996,AL,,SS
rodrial01,Silver Slugger,1998,AL,,SS
rodrial01,Silver Slugger,1999,AL,,SS
rodrial01,Silver Slugger,2000,AL,,SS
rodrial01,Silver Slugger,2001,AL,,SS
rodrial01,Silver Slugger,2002,AL,,SS
rodrial01,Silver Slugger,2003,AL,,SS
rodrial01,Silver Slugger,2005,AL,,3B
rodrial01,Silver Slugger,2007,AL,,3B
rodrial01,Silver Slugger,2008,AL,,3B
rodriau01,Gold Glove,1976,AL,,3B
rodriiv01,Gold Glove,1992,AL,,C
rodriiv01,Gold Glove,1993,AL,,C
rodriiv01,Gold Glove,1994,AL,,C
rodriiv01,Gold Glove,1995,AL,,C
rodriiv01,Gold Glove,1996,AL,,C
rodriiv01,Gold Glove,1997,AL,,C
rodriiv01,Gold Glove,1998,AL,,C
rodriiv01,Gold Glove,1999,AL,,C
rodriiv01,Gold Glove,2000,AL,,C
rodriiv01,Gold Glove,2001,AL,,C
rodriiv01,Gold Glove,2004,AL,,C
rodriiv01,Gold Glove,2006,AL,,C
rodriiv01,Gold Glove,2007,AL,,C
rodriiv01,Most Valuable Player,1999,AL,,
rodriiv01,NLCS MVP,2003,NL,,
rodriiv01,Silver Slugger,1994,AL,,C
rodriiv01,Silver Slugger,1995,AL,,C
rodriiv01,Silver Slugger,1996,AL,,C
rodriiv01,Silver Slugger,1997,AL,,C
rodriiv01,Silver Slugger,1998,AL,,C
rodriiv01,Silver Slugger,1999,AL,,C
rodriiv01,Silver Slugger,2004,AL,Y,C
rodriju01,Silver Slugger,2022,AL,,OF
rodriju01,Silver Slugger,2023,AL,,OF
rogerke01,Gold Glove,2000,AL,,P
rogerke01,Gold Glove,2002,AL,,P
rogerke01,Gold Glove,2004,AL,,P
rogerke01,Gold Glove,2005,AL,,P
rogerke01,Gold Glove,2006,AL,,P
rolensc01,Gold Glove,1998,NL,,3B
rolensc01,Gold Glove,2000,NL,,3B
rolensc01,Gold Glove,2001,NL,,3B
rolensc01,Gold Glove,2002,NL,,3B
rolensc01,Gold Glove,2003,NL,,3B
rolensc01,Gold Glove,2004,NL,,3B
rolensc01,Gold Glove,2006,NL,,3B
rolensc01,Gold Glove,2010,NL,,3B
rolensc01,Silver Slugger,2002,NL,,3B
rolliji01,Gold Glove,2007,NL,,SS
rolliji01,Gold Glove,2008,NL,,SS
rolliji01,Gold Glove,2009,NL,,SS
rolliji01,Gold Glove,2012,NL,,SS
rolliji01,Most Valuable Player,2007,NL,,
rolliji01,Silver Slugger,2007,NL,,SS
rookebr01,Silver Slugger,2024,AL,,DH
rosared01,NLCS MVP,2021,NL,,
rosebjo01,Gold Glove,1961,NL,,C
rosebjo01,Gold Glove,1966,NL,,C
rosenal01,Most Valuable Player,1953,AL,,
rosepe01,Gold Glove,1969,NL,,OF
rosepe01,Gold Glove,1970,NL,,OF
rosepe01,Most Valuable Player,1973,NL,,
rosepe01,Silver Slugger,1981,NL,,1B
rosepe01,World Series MVP,1975,ML,,
rossco01,NLCS MVP,2010,NL,,
rowanaa01,Gold Glove,2007,NL,,OF
rudijo01,Gold Glove,1974,AL,,OF
rudijo01,Gold Glove,1975,AL,,OF
rudijo01,Gold Glove,1976,AL,,OF
ruthba01,Most Valuable Player,1923,AL,,
rutscad01,Silver Slugger,2023,AL,,C
sabatcc01,ALCS MVP,2009,AL,,
sabatcc01,Cy Young Award,2007,AL,,
saberbr01,Cy Young Award,1985,AL,,
saberbr01,Cy Young Award,1989,AL,,
saberbr01,Gold Glove,1989,AL,,P
saberbr01,World Series MVP,1985,ML,,
salech01,Cy Young Award,2024,NL,,
salech01,Gold Glove,2024,NL,,P
salmoti01,Silver Slugger,1995,AL,,OF
samueju01,Silver Slugger,1987,NL,,2B
sanchca01,Gold Glove,2019,AL,,2B
sanchga02,Silver Slugger,2017,AL,,C
sandbry01,Gold Glove,1983,NL,,2B
sandbry01,Gold Glove,1984,NL,,2B
sandbry01,Gold Glove,1985,NL,,2B
sandbry01,Gold Glove,1986,NL,,2B
sandbry01,Gold Glove,1987,NL,,2B
sandbry01,Gold Glove,1988,NL,,2B
sandbry01,Gold Glove,1989,NL,,2B
sandbry01,Gold Glove,1990,NL,,2B
sandbry01,Gold Glove,1991,NL,,2B
sandbry01,Most Valuable Player,1984,NL,,
sandbry01,Silver Slugger,1984,NL,,2B
sandbry01,Silver Slugger,1985,NL,,2B
sandbry01,Silver Slugger,1988,NL,,2B
sandbry01,Silver Slugger,1989,NL,,2B
sandbry01,Silver Slugger,1990,NL,,2B
sandbry01,Silver Slugger,1991,NL,,2B
sandbry01,Silver Slugger,1992,NL,,2B
sandopa01,World Series MVP,2012,ML,,
sanojja01,Gold Glove,2025,NL,,UT
santaan02,Silver Slugger,2024,AL,,OF
santaca01,Gold Glove,2024,AL,,1B
santaca01,Silver Slugger,2019,AL,,1B
santajo01,Cy Young Award,2004,AL,,
santajo01,Cy Young Award,2006,AL,,
santajo01,Gold Glove,2007,AL,,P
santibe01,Gold Glove,1988,NL,,C
santibe01,Gold Glove,1989,NL,,C
santibe01,Gold Glove,1990,NL,,C
santibe01,NLCS MVP,2002,NL,,
santibe01,Silver Slugger,1987,NL,,C
santibe01,Silver Slugger,1988,NL,,C
santibe01,Silver Slugger,1990,NL,,C
santibe01,Silver Slugger,1991,NL,,C
santoro01,Gold Glove,1964,NL,,3B
santoro01,Gold Glove,1965,NL,,3B
santoro01,Gold Glove,1966,NL,,3B
santoro01,Gold Glove,1967,NL,,3B
santoro01,Gold Glove,1968,NL,,3B
sauerha01,Most Valuable Player,1952,NL,,
saxst01,Silver Slugger,1986,NL,,2B
scherma01,Cy Young Award,2013,AL,,
scherma01,Cy Young Award,2016,NL,,
scherma01,Cy Young Award,2017,NL,,
schilcu01,NLCS MVP,1993,NL,,
schilcu01,World Series MVP,2001,ML,Y,
schmimi01,Gold Glove,1976,NL,,3B
schmimi01,Gold Glove,1977,NL,,3B
schmimi01,Gold Glove,1978,NL,,3B
schmimi01,Gold Glove,1979,NL,,3B
schmimi01,Gold Glove,1980,NL,,3B
schmimi01,Gold Glove,1981,NL,,3B
schmimi01,Gold Glove,1982,NL,,3B
schmimi01,Gold Glove,1983,NL,,3B
schmimi01,Gold Glove,1984,NL,,3B
schmimi01,Gold Glove,1986,NL,,3B
schmimi01,Most Valuable Player,1980,NL,,
schmimi01,Most Valuable Player,1981,NL,,
schmimi01,Most Valuable Player,1986,NL,,
schmimi01,Silver Slugger,1980,NL,,3B
schmimi01,Silver Slugger,1981,NL,,3B
schmimi01,Silver Slugger,1982,NL,,3B
schmimi01,Silver Slugger,1983,NL,,3B
schmimi01,Silver Slugger,1984,NL,,3B
schmimi01,Silver Slugger,1986,NL,,3B
schmimi01,World Series MVP,1980,ML,,
schulfr01,Most Valuable Player,1911,NL,,
schwaky01,Silver Slugger,2022,NL,,OF
scottge02,Gold Glove,1967,AL,,1B
scottge02,Gold Glove,1968,AL,,1B
scottge02,Gold Glove,1971,AL,,1B
scottge02,Gold Glove,1972,AL,,1B
scottge02,Gold Glove,1973,AL,,1B
scottge02,Gold Glove,1974,AL,,1B
scottge02,Gold Glove,1975,AL,,1B
scottge02,Gold Glove,1976,AL,,1B
scottmi03,Cy Young Award,1986,NL,,
scottmi03,NLCS MVP,1986,NL,,
scutama01,NLCS MVP,2012,NL,,
seageco01,NLCS MVP,2020,NL,,
seageco01,Silver Slugger,2016,NL,,SS
seageco01,Silver Slugger,2017,NL,,SS
seageco01,Silver Slugger,2023,AL,,SS
seageco01,World Series MVP,2020,ML,,
seageco01,World Series MVP,2023,ML,,
seageky01,Gold Glove,2014,AL,,3B
seaveto01,Cy Young Award,1969,NL,,
seaveto01,Cy Young Award,1973,NL,,
seaveto01,Cy Young Award,1975,NL,,
semiema01,Gold Glove,2021,AL,,2B
semiema01,Gold Glove,2025,AL,,2B
semiema01,Silver Slugger,2021,AL,,2B
semiema01,Silver Slugger,2023,AL,,2B
shantbo01,Gold Glove,1957,ML,,P
shantbo01,Gold Glove,1958,AL,,P
shantbo01,Gold Glove,1959,AL,,P
shantbo01,Gold Glove,1960,AL,,P
shantbo01,Gold Glove,1961,NL,,P
shantbo01,Gold Glove,1962,NL,,P
shantbo01,Gold Glove,1963,NL,,P
shantbo01,Gold Glove,1964,NL,,P
shantbo01,Most Valuable Player,1952,AL,,
sheffga01,Silver Slugger,1992,NL,,3B
sheffga01,Silver Slugger,1996,NL,,OF
sheffga01,Silver Slugger,2003,NL,,OF
sheffga01,Silver Slugger,2004,AL,,OF
sheffga01,Silver Slugger,2005,AL,,OF
sherrla01,World Series MVP,1959,ML,,
siebeno01,Gold Glove,1958,AL,,LF
sierrru01,Silver Slugger,1989,AL,,OF
simmoan01,Gold Glove,2013,NL,,SS
simmoan01,Gold Glove,2014,NL,,SS
simmoan01,Gold Glove,2017,AL,,SS
simmoan01,Gold Glove,2018,AL,,SS
simmote01,Silver Slugger,1980,NL,,C
sislege01,Most Valuable Player,1922,AL,,
sizemgr01,Gold Glove,2007,AL,,OF
sizemgr01,Gold Glove,2008,AL,,OF
sizemgr01,Silver Slugger,2008,AL,,OF
skenepa01,Cy Young Award,2025,NL,,
skubata01,Cy Young Award,2024,AL,,
skubata01,Cy Young Award,2025,AL,,
smithoz01,Gold Glove,1980,NL,,SS
smithoz01,Gold Glove,1981,NL,,SS
smithoz01,Gold Glove,1982,NL,,SS
smithoz01,Gold Glove,1983,NL,,SS
smithoz01,Gold Glove,1984,NL,,SS
smithoz01,Gold Glove,1985,NL,,SS
smithoz01,Gold Glove,1986,NL,,SS
smithoz01,Gold Glove,1987,NL,,SS
smithoz01,Gold Glove,1988,NL,,SS
smithoz01,Gold Glove,1989,NL,,SS
smithoz01,Gold Glove,1990,NL,,SS
smithoz01,Gold Glove,1991,NL,,SS
smithoz01,Gold Glove,1992,NL,,SS
smithoz01,NLCS MVP,1985,NL,,
smithoz01,Silver Slugger,1987,NL,,SS
smithre06,Gold Glove,1968,AL,,OF
smoltjo01,Cy Young Award,1996,NL,,
smoltjo01,NLCS MVP,1992,NL,,
smoltjo01,Silver Slugger,1997,NL,,P
snellbl01,Cy Young Award,2018,AL,,
snellbl01,Cy Young Award,2023,NL,,
snowjt01,Gold Glove,1995,AL,,1B
snowjt01,Gold Glove,1996,AL,,1B
snowjt01,Gold Glove,1997,NL,,1B
snowjt01,Gold Glove,1998,NL,,1B
snowjt01,Gold Glove,1999,NL,,1B
snowjt01,Gold Glove,2000,NL,,1B
solando01,Silver Slugger,2020,NL,,2B
solerjo01,World Series MVP,2021,ML,,
soriaal01,Silver Slugger,2002,AL,,2B
soriaal01,Silver Slugger,2004,AL,,2B
soriaal01,Silver Slugger,2005,AL,,2B
soriaal01,Silver Slugger,2006,NL,,OF
sosasa01,Most Valuable Player,1998,NL,,
sosasa01,Silver Slugger,1995,NL,,OF
sosasa01,Silver Slugger,1998,NL,,OF
sosasa01,Silver Slugger,1999,NL,,OF
sosasa01,Silver Slugger,2000,NL,,OF
sosasa01,Silver Slugger,2001,NL,,OF
sosasa01,Silver Slugger,2002,NL,,OF
sotoju01,Silver Slugger,2020,NL,,OF
sotoju01,Silver Slugger,2021,NL,,OF
sotoju01,Silver Slugger,2022,NL,,OF
sotoju01,Silver Slugger,2023,NL,,OF
sotoju01,Silver Slugger,2024,AL,,OF
sotoju01,Silver Slugger,2025,NL,,OF
spahnwa01,Cy Young Award,1957,ML,,
speaktr01,Most Valuable Player,1912,AL,,
spencji01,Gold Glove,1970,AL,,1B
spencji01,Gold Glove,1977,AL,,1B
springe01,Silver Slugger,2017,AL,,OF
springe01,Silver Slugger,2019,AL,,OF
springe01,Silver Slugger,2025,AL,,DH
springe01,World Series MVP,2017,ML,,
squirmi01,Gold Glove,1981,AL,,1B
stallja01,Gold Glove,2021,NL,,C
stanlmi01,Gold Glove,1968,AL,,OF
stanlmi01,Gold Glove,1969,AL,,OF
stanlmi01,Gold Glove,1970,AL,,OF
stanlmi01,Gold Glove,1973,AL,,OF
stanlmi02,Silver Slugger,1993,AL,,C
stantmi03,ALCS MVP,2024,AL,,
stantmi03,Most Valuable Player,2017,NL,,
stantmi03,Silver Slugger,2014,NL,,OF
stantmi03,Silver Slugger,2017,NL,,OF
stargwi01,Most Valuable Player,1979,NL,Y,
stargwi01,NLCS MVP,1979,NL,,
stargwi01,World Series MVP,1979,ML,,
stewada01,ALCS MVP,1990,AL,,
stewada01,ALCS MVP,1993,AL,,
stewada01,World Series MVP,1989,ML,,
stonest01,Cy Young Award,1980,AL,,
storytr01,Silver Slugger,2018,NL,,SS
storytr01,Silver Slugger,2019,NL,,SS
strasst01,Silver Slugger,2012,NL,,P
strasst01,World Series MVP,2019,ML,,
strawda01,Silver Slugger,1988,NL,,OF
strawda01,Silver Slugger,1990,NL,,OF
strawmy01,Gold Glove,2022,AL,,OF
stromma01,Gold Glove,2017,AL,,P
sundbji01,Gold Glove,1976,AL,,C
sundbji01,Gold Glove,1977,AL,,C
sundbji01,Gold Glove,1978,AL,,C
sundbji01,Gold Glove,1979,AL,,C
sundbji01,Gold Glove,1980,AL,,C
sundbji01,Gold Glove,1981,AL,,C
suppaje01,NLCS MVP,2006,NL,,
sutclri01,Cy Young Award,1984,NL,,
suttebr01,Cy Young Award,1979,NL,,
suzukic01,Gold Glove,2001,AL,,OF
suzukic01,Gold Glove,2002,AL,,OF
suzukic01,Gold Glove,2003,AL,,OF
suzukic01,Gold Glove,2004,AL,,OF
suzukic01,Gold Glove,2005,AL,,OF
suzukic01,Gold Glove,2006,AL,,OF
suzukic01,Gold Glove,2007,AL,,OF
suzukic01,Gold Glove,2008,AL,,OF
suzukic01,Gold Glove,2009,AL,,OF
suzukic01,Gold Glove,2010,AL,,OF
suzukic01,Most Valuable Player,2001,AL,,
suzukic01,Silver Slugger,2001,AL,,OF
suzukic01,Silver Slugger,2007,AL,,OF
suzukic01,Silver Slugger,2009,AL,,OF
swansda01,Gold Glove,2022,NL,,SS
swansda01,Gold Glove,2023,NL,,SS
tatisfe02,Gold Glove,2023,NL,,OF
tatisfe02,Gold Glove,2025,NL,,RF
tatisfe02,Silver Slugger,2020,NL,,SS
tatisfe02,Silver Slugger,2021,NL,,SS
tayloch03,NLCS MVP,2017,NL,Y,Co-MVP
taylomi02,Gold Glove,2021,AL,,LF
teixema01,Gold Glove,2005,AL,,1B
teixema01,Gold Glove,2006,AL,,1B
teixema01,Gold Glove,2009,AL,,1B
teixema01,Gold Glove,2010,AL,,1B
teixema01,Gold Glove,2012,AL,,1B
teixema01,Silver Slugger,2004,AL,,1B
teixema01,Silver Slugger,2005,AL,,1B
teixema01,Silver Slugger,2009,AL,,1B
tejadmi01,Most Valuable Player,2002,AL,,
tejadmi01,Silver Slugger,2004,AL,,SS
tejadmi01,Silver Slugger,2005,AL,,SS
templga01,Silver Slugger,1980,NL,,SS
templga01,Silver Slugger,1984,NL,,SS
tenacge01,World Series MVP,1972,ML,,
terryra01,World Series MVP,1962,ML,,
tettlmi01,Silver Slugger,1989,AL,,C
tettlmi01,Silver Slugger,1991,AL,,C
tettlmi01,Silver Slugger,1992,AL,,C
thomafr04,Most Valuable Player,1993,AL,,
thomafr04,Most Valuable Player,1994,AL,,
thomafr04,Silver Slugger,1991,AL,,DH
thomafr04,Silver Slugger,1993,AL,,1B
thomafr04,Silver Slugger,1994,AL,,1B
thomafr04,Silver Slugger,2000,AL,,DH
thomeji01,Silver Slugger,1996,AL,,3B
thompro01,Gold Glove,1993,NL,,2B
thompro01,Silver Slugger,1993,NL,,2B
thondi01,Silver Slugger,1983,NL,,SS
thornan01,Silver Slugger,1984,AL,,DH
torrejo01,Gold Glove,1965,NL,,C
torrejo01,Most Valuable Player,1971,NL,,
tovarez01,Gold Glove,2024,NL,,SS
trammal01,Gold Glove,1980,AL,,SS
trammal01,Gold Glove,1981,AL,,SS
trammal01,Gold Glove,1983,AL,,SS
trammal01,Gold Glove,1984,AL,,SS
trammal01,Silver Slugger,1987,AL,,SS
trammal01,Silver Slugger,1988,AL,,SS
trammal01,Silver Slugger,1990,AL,,SS
trammal01,World Series MVP,1984,ML,,
treshto01,Gold Glove,1965,AL,,OF
trevijo01,Gold Glove,2022,AL,,C
trillma01,Gold Glove,1979,NL,,2B
trillma01,Gold Glove,1981,NL,,2B
trillma01,Gold Glove,1982,NL,,2B
trillma01,NLCS MVP,1980,NL,,
trillma01,Silver Slugger,1980,NL,,2B
trillma01,Silver Slugger,1981,NL,,2B
triolja01,Gold Glove,2024,NL,,UT
troutmi01,Most Valuable Player,2014,AL,,
troutmi01,Most Valuable Player,2016,AL,,
troutmi01,Most Valuable Player,2019,AL,,
troutmi01,Silver Slugger,2012,AL,,OF
troutmi01,Silver Slugger,2013,AL,,OF
troutmi01,Silver Slugger,2014,AL,,OF
troutmi01,Silver Slugger,2015,AL,,OF
troutmi01,Silver Slugger,2016,AL,,OF
troutmi01,Silver Slugger,2018,AL,,OF
troutmi01,Silver Slugger,2019,AL,,OF
troutmi01,Silver Slugger,2020,AL,,OF
troutmi01,Silver Slugger,2022,AL,,OF
trumbma01,Silver Slugger,2016,AL,,OF
tuckeky01,Gold Glove,2022,AL,,OF
tuckeky01,Silver Slugger,2023,AL,,OF
tuckeky01,Silver Slugger,2025,NL,,OF
tulowtr01,Gold Glove,2010,NL,,SS
tulowtr01,Gold Glove,2011,NL,,SS
tulowtr01,Silver Slugger,2010,NL,,SS
tulowtr01,Silver Slugger,2011,NL,,SS
turanbr02,Gold Glove,2024,NL,,2B
turlebo01,Cy Young Award,1958,ML,,
turlebo01,World Series MVP,1958,ML,,
turneju01,NLCS MVP,2017,NL,Y,Co-MVP
turnetr01,Silver Slugger,2022,NL,,SS
ueharko01,ALCS MVP,2013,AL,,
ugglada01,Silver Slugger,2010,NL,,2B
uptonju01,Silver Slugger,2011,NL,,OF
uptonju01,Silver Slugger,2014,NL,,OF
uptonju01,Silver Slugger,2017,AL,,OF
uriasra01,Gold Glove,2022,AL,,3B
utleych01,Silver Slugger,2006,NL,,2B
utleych01,Silver Slugger,2007,NL,,2B
utleych01,Silver Slugger,2008,NL,,2B
utleych01,Silver Slugger,2009,NL,,2B
valenel01,Gold Glove,1978,NL,,OF
valenfe01,Cy Young Award,1981,NL,,
valenfe01,Gold Glove,1986,NL,,P
valenfe01,Silver Slugger,1981,NL,,P
valenfe01,Silver Slugger,1983,NL,,P
valenjo02,Silver Slugger,1995,AL,,SS
vanceda01,Most Valuable Player,1924,NL,,
vanslan01,Gold Glove,1988,NL,,OF
vanslan01,Gold Glove,1989,NL,,OF
vanslan01,Gold Glove,1990,NL,,OF
vanslan01,Gold Glove,1991,NL,,OF
vanslan01,Gold Glove,1992,NL,,OF
vanslan01,Silver Slugger,1988,NL,,OF
vanslan01,Silver Slugger,1992,NL,,OF
varitja01,Gold Glove,2005,AL,,C
varitja01,Silver Slugger,2005,AL,,C
varshda01,Gold Glove,2024,AL,,CF
vaughgr01,Silver Slugger,1998,NL,,OF
vaughmo01,Most Valuable Player,1995,AL,,
vaughmo01,Silver Slugger,1995,AL,,1B
venturo01,Gold Glove,1991,AL,,3B
venturo01,Gold Glove,1992,AL,,3B
venturo01,Gold Glove,1993,AL,,3B
venturo01,Gold Glove,1996,AL,,3B
venturo01,Gold Glove,1998,AL,,3B
venturo01,Gold Glove,1999,NL,,3B
verlaju01,ALCS MVP,2017,AL,,
verlaju01,Cy Young Award,2011,AL,,
verlaju01,Cy Young Award,2019,AL,,
verlaju01,Cy Young Award,2022,AL,,
verlaju01,Most Valuable Player,2011,AL,,
versazo01,Gold Glove,1963,AL,,SS
versazo01,Gold Glove,1965,AL,,SS
versazo01,Most Valuable Player,1965,AL,,
victosh01,Gold Glove,2008,NL,,OF
victosh01,Gold Glove,2009,NL,,OF
victosh01,Gold Glove,2010,NL,,OF
victosh01,Gold Glove,2013,AL,,RF
vidrojo01,Silver Slugger,2003,NL,,2B
vinafe01,Gold Glove,2001,NL,,2B
vinafe01,Gold Glove,2002,NL,,2B
violafr01,Cy Young Award,1988,AL,,
violafr01,World Series MVP,1987,ML,,
virdobi01,Gold Glove,1962,NL,,OF
vizquom01,Gold Glove,1993,AL,,SS
vizquom01,Gold Glove,1994,AL,,SS
vizquom01,Gold Glove,1995,AL,,SS
vizquom01,Gold Glove,1996,AL,,SS
vizquom01,Gold Glove,1997,AL,,SS
vizquom01,Gold Glove,1998,AL,,SS
vizquom01,Gold Glove,1999,AL,,SS
vizquom01,Gold Glove,2000,AL,,SS
vizquom01,Gold Glove,2001,AL,,SS
vizquom01,Gold Glove,2005,NL,,SS
vizquom01,Gold Glove,2006,NL,,SS
volpean01,Gold Glove,2023,AL,,SS
vottojo01,Gold Glove,2011,NL,,1B
vottojo01,Most Valuable Player,2010,NL,,
vuckope01,Cy Young Award,1982,AL,,
wachami01,NLCS MVP,2013,NL,,
wainwad01,Gold Glove,2009,NL,,P
wainwad01,Gold Glove,2013,NL,,P
wainwad01,Silver Slugger,2017,NL,,P
walkech02,Gold Glove,2022,NL,,1B
walkech02,Gold Glove,2023,NL,,1B
walkech02,Gold Glove,2024,NL,,1B
walkela01,Gold Glove,1992,NL,,OF
walkela01,Gold Glove,1993,NL,,OF
walkela01,Gold Glove,1997,NL,,OF
walkela01,Gold Glove,1998,NL,,OF
walkela01,Gold Glove,1999,NL,,OF
walkela01,Gold Glove,2001,NL,,OF
walkela01,Gold Glove,2002,NL,,OF
walkela01,Most Valuable Player,1997,NL,,
walkela01,Silver Slugger,1992,NL,,OF
walkela01,Silver Slugger,1997,NL,,OF
walkela01,Silver Slugger,1999,NL,,OF
walkene01,Silver Slugger,2014,NL,,2B
wallati01,Gold Glove,1985,NL,,3B
wallati01,Gold Glove,1988,NL,,3B
wallati01,Gold Glove,1990,NL,,3B
wallati01,Silver Slugger,1985,NL,,3B
wallati01,Silver Slugger,1987,NL,,3B
waltebu01,Most Valuable Player,1939,NL,,
wanerpa01,Most Valuable Player,1927,NL,,
webbbr01,Cy Young Award,2006,NL,,
webblo01,Gold Glove,2025,NL,,P
welchbo01,Cy Young Award,1990,AL,,
wellsda01,ALCS MVP,1998,AL,,
wellsve01,Gold Glove,2004,AL,,OF
wellsve01,Gold Glove,2005,AL,,OF
wellsve01,Gold Glove,2006,AL,,OF
wellsve01,Silver Slugger,2003,AL,,OF
wettejo01,World Series MVP,1996,ML,,
wheelza01,Gold Glove,2023,NL,,P
whitalo01,Gold Glove,1983,AL,,2B
whitalo01,Gold Glove,1984,AL,,2B
whitalo01,Gold Glove,1985,AL,,2B
whitalo01,Silver Slugger,1983,AL,,2B
whitalo01,Silver Slugger,1984,AL,,2B
whitalo01,Silver Slugger,1985,AL,,2B
whitalo01,Silver Slugger,1987,AL,,2B
whitebi03,Gold Glove,1960,NL,,1B
whitebi03,Gold Glove,1961,NL,,1B
whitebi03,Gold Glove,1962,NL,,1B
whitebi03,Gold Glove,1963,NL,,1B
whitebi03,Gold Glove,1964,NL,,1B
whitebi03,Gold Glove,1965,NL,,1B
whitebi03,Gold Glove,1966,NL,,1B
whitede03,Gold Glove,1988,AL,,OF
whitede03,Gold Glove,1989,AL,,OF
whitede03,Gold Glove,1991,AL,,OF
whitede03,Gold Glove,1992,AL,,OF
whitede03,Gold Glove,1993,AL,,OF
whitede03,Gold Glove,1994,AL,,OF
whitede03,Gold Glove,1995,AL,,OF
whiteev01,Gold Glove,2020,AL,,1B
whitefr01,ALCS MVP,1980,AL,,
whitefr01,Gold Glove,1977,AL,,2B
whitefr01,Gold Glove,1978,AL,,2B
whitefr01,Gold Glove,1979,AL,,2B
whitefr01,Gold Glove,1980,AL,,2B
whitefr01,Gold Glove,1981,AL,,2B
whitefr01,Gold Glove,1982,AL,,2B
whitefr01,Gold Glove,1986,AL,,2B
whitefr01,Gold Glove,1987,AL,,2B
whitefr01,Silver Slugger,1986,AL,,2B
wietema01,Gold Glove,2011,AL,,C
wietema01,Gold Glove,2012,AL,,C
willibe02,ALCS MVP,1996,AL,,
willibe02,Gold Glove,1997,AL,,OF
willibe02,Gold Glove,1998,AL,,OF
willibe02,Gold Glove,1999,AL,,OF
willibe02,Gold Glove,2000,AL,,OF
willibe02,Silver Slugger,2002,AL,,OF
willijo03,Silver Slugger,2012,AL,,OF
willima04,Gold Glove,1991,NL,,3B
willima04,Gold Glove,1993,NL,,3B
willima04,Gold Glove,1994,NL,,3B
willima04,Gold Glove,1997,AL,,3B
willima04,Silver Slugger,1990,NL,,3B
willima04,Silver Slugger,1993,NL,,3B
willima04,Silver Slugger,1994,NL,,3B
willima04,Silver Slugger,1997,AL,,3B
willite01,Most Valuable Player,1946,AL,,
willite01,Most Valuable Player,1949,AL,,
willsma01,Gold Glove,1961,NL,,SS
willsma01,Gold Glove,1962,NL,,SS
willsma01,Most Valuable Player,1962,NL,,
wilsoja02,Silver Slugger,2004,NL,,SS
wilsowi02,Gold Glove,1980,AL,,OF
wilsowi02,Silver Slugger,1980,AL,,OF
wilsowi02,Silver Slugger,1982,AL,,OF
winebo01,Gold Glove,1963,NL,,SS
winfida01,Gold Glove,1979,NL,,OF
winfida01,Gold Glove,1980,NL,,OF
winfida01,Gold Glove,1982,AL,,OF
winfida01,Gold Glove,1983,AL,,OF
winfida01,Gold Glove,1984,AL,,OF
winfida01,Gold Glove,1985,AL,,OF
winfida01,Gold Glove,1987,AL,,OF
winfida01,Silver Slugger,1981,AL,,OF
winfida01,Silver Slugger,1982,AL,,OF
winfida01,Silver Slugger,1983,AL,,OF
winfida01,Silver Slugger,1984,AL,,OF
winfida01,Silver Slugger,1985,AL,,OF
winfida01,Silver Slugger,1992,AL,,DH
winnma01,Gold Glove,2025,NL,,SS
wittbo02,Gold Glove,2024,AL,,SS
wittbo02,Gold Glove,2025,AL,,SS
wittbo02,Silver Slugger,2024,AL,,SS
wittbo02,Silver Slugger,2025,AL,,SS
wongko01,Gold Glove,2019,NL,,2B
wongko01,Gold Glove,2020,NL,,2B
wrighda03,Gold Glove,2007,NL,,3B
wrighda03,Gold Glove,2008,NL,,3B
wrighda03,Silver Slugger,2007,NL,,3B
wrighda03,Silver Slugger,2008,NL,,3B
wynnea01,Cy Young Award,1959,ML,,
yamamyo01,World Series MVP,2025,ML,,
yastrca01,Gold Glove,1963,AL,,OF
yastrca01,Gold Glove,1965,AL,,OF
yastrca01,Gold Glove,1967,AL,,OF
yastrca01,Gold Glove,1968,AL,,OF
yastrca01,Gold Glove,1969,AL,,OF
yastrca01,Gold Glove,1971,AL,,OF
yastrca01,Gold Glove,1977,AL,,OF
yastrca01,Most Valuable Player,1967,AL,,
yeagest01,World Series MVP,1981,ML,Y,
yelicch01,Gold Glove,2014,NL,,LF
yelicch01,Most Valuable Player,2018,NL,,
yelicch01,Silver Slugger,2016,NL,,OF
yelicch01,Silver Slugger,2018,NL,,OF
yelicch01,Silver Slugger,2019,NL,,OF
youklke01,Gold Glove,2007,AL,,1B
youngde03,ALCS MVP,2012,AL,,
younger01,Silver Slugger,1996,NL,,2B
youngmi02,Gold Glove,2008,AL,,SS
yountro01,Gold Glove,1982,AL,,SS
yountro01,Most Valuable Player,1982,AL,,
yountro01,Most Valuable Player,1989,AL,,
yountro01,Silver Slugger,1980,AL,,SS
yountro01,Silver Slugger,1982,AL,,SS
yountro01,Silver Slugger,1989,AL,,OF
zambrca01,Silver Slugger,2006,NL,,P
zambrca01,Silver Slugger,2008,NL,,P
zambrca01,Silver Slugger,2009,NL,,P
zimmery01,Gold Glove,2009,NL,,3B
zimmery01,Silver Slugger,2009,NL,,3B
zimmery01,Silver Slugger,2010,NL,,3B
zitoba01,Cy Young Award,2002,AL,,
zobribe01,World Series MVP,2016,ML,,
