playerID,yearid,votedBy,ballots,needed,votes,inducted,category,needed_note
aaronha01,1982,BBWAA,415.0,312.0,406.0,Y,Player,
alexape01,1938,BBWAA,262.0,197.0,212.0,Y,Player,
allendi01,2025,Classic Baseball Era,16.0,12.0,13.0,Y,Player,
alomaro01,2011,BBWAA,581.0,436.0,523.0,Y,Player,
ansonca01,1939,Old Timers,,,,Y,Player,
aparilu01,1984,BBWAA,403.0,303.0,341.0,Y,Player,
applilu01,1964,Run Off,201.0,,189.0,Y,Player,Player receiving most votes inducted
ashburi01,1995,Veterans,,,,Y,Player,
averiea01,1975,Veterans,,,,Y,Player,
bagweje01,2017,BBWAA,442.0,332.0,381.0,Y,Player,
baineha01,2019,Veterans - Today's Game Era,16.0,12.0,12.0,Y,Player,
bakerfr01,1955,Veterans,,,,Y,Player,
bancrda01,1971,Veterans,,,,Y,Player,
bankser01,1977,BBWAA,383.0,288.0,321.0,Y,Player,
becklja01,1971,Veterans,,,,Y,Player,
bellco99,1974,Negro League,,,,Y,Player,
beltrad01,2024,BBWAA,385.0,289.0,366.0,Y,Player,
benchjo01,1989,BBWAA,447.0,336.0,431.0,Y,Player,
bendech01,1953,Veterans,,,,Y,Player,
berrayo01,1972,BBWAA,396.0,297.0,339.0,Y,Player,
biggicr01,2015,BBWAA,549.0,412.0,454.0,Y,Player,
blylebe01,2011,BBWAA,581.0,436.0,463.0,Y,Player,
boggswa01,2005,BBWAA,516.0,387.0,474.0,Y,Player,
bottoji01,1974,Veterans,,,,Y,Player,
boudrlo01,1970,BBWAA,300.0,225.0,232.0,Y,Player,
bresnro01,1945,Old Timers,,,,Y,Player,
brettge01,1999,BBWAA,497.0,373.0,488.0,Y,Player,
brocklo01,1985,BBWAA,395.0,297.0,315.0,Y,Player,
broutda01,1945,Old Timers,,,,Y,Player,
brownmo01,1949,Old Timers,,,,Y,Player,
brownra99,2006,Negro League,,,,Y,Player,
brownwi02,2006,Negro League,,,,Y,Player,
bunniji01,1996,Veterans,14.0,11.0,,Y,Player,
burkeje01,1946,Old Timers,,,,Y,Player,
camparo01,1969,BBWAA,340.0,255.0,270.0,Y,Player,
carewro01,1991,BBWAA,443.0,333.0,401.0,Y,Player,
careyma01,1961,Veterans,,,,Y,Player,
carltst01,1994,BBWAA,456.0,342.0,436.0,Y,Player,
cartega01,2003,BBWAA,496.0,372.0,387.0,Y,Player,
cepedor01,1999,Veterans,,,,Y,Player,
chancfr01,1946,Old Timers,,,,Y,Player,
charlos99,1976,Negro League,,,,Y,Player,
chesbja01,1946,Old Timers,,,,Y,Player,
clarkfr01,1945,Old Timers,,,,Y,Player,
clarkjo01,1963,Veterans,,,,Y,Player,Group A - Holdover from 1962 ballot - two could be elected from Group A
clemero01,1973,Special Election,,,,Y,Player,
cobbty01,1936,BBWAA,226.0,170.0,222.0,Y,Player,
cochrmi01,1947,BBWAA,161.0,121.0,128.0,Y,Player,
collied01,1939,BBWAA,274.0,206.0,213.0,Y,Player,
colliji01,1945,Old Timers,,,,Y,Player,
combsea01,1970,Veterans,,,,Y,Player,
connoro01,1976,Veterans,,,,Y,Player,
coopean99,2006,Negro League,,,,Y,Player,
covelst01,1969,Veterans,,,,Y,Player,
crawfsa01,1957,Veterans,,,,Y,Player,
cronijo01,1956,BBWAA,193.0,145.0,152.0,Y,Player,
cuyleki01,1968,Veterans,,,,Y,Player,
dandrra99,1987,Veterans,,,,Y,Player,
davisge01,1998,Veterans,,,,Y,Player,
dawsoan01,2010,BBWAA,539.0,405.0,420.0,Y,Player,
dayle99,1995,Veterans,,,,Y,Player,
deandi01,1953,BBWAA,264.0,198.0,209.0,Y,Player,
delahed01,1945,Old Timers,,,,Y,Player,
dickebi01,1954,BBWAA,252.0,189.0,202.0,Y,Player,
dihigma99,1977,Negro League,,,,Y,Player,
dimagjo01,1955,BBWAA,251.0,189.0,223.0,Y,Player,
dobyla01,1998,Veterans,,,,Y,Player,
doerrbo01,1986,Veterans,,,,Y,Player,
drysddo01,1984,BBWAA,403.0,303.0,316.0,Y,Player,
duffyhu01,1945,Old Timers,,,,Y,Player,
eckerde01,2004,BBWAA,506.0,380.0,421.0,Y,Player,
eversjo01,1946,Old Timers,,,,Y,Player,
ewingbu01,1939,Old Timers,,,,Y,Player,
faberre01,1964,Veterans,,,,Y,Player,
fellebo01,1962,BBWAA,160.0,120.0,150.0,Y,Player,
ferreri01,1984,Veterans,,,,Y,Player,
fingero01,1992,BBWAA,430.0,323.0,349.0,Y,Player,
fiskca01,2000,BBWAA,499.0,375.0,397.0,Y,Player,
flickel01,1963,Veterans,,,,Y,Player,Group A - Holdover from 1962 ballot - two could be elected from Group A
fordwh01,1974,BBWAA,365.0,274.0,284.0,Y,Player,
fostebi99,1996,Veterans,14.0,11.0,,Y,Player,
foxne01,1997,Veterans,,,,Y,Player,
foxxji01,1951,BBWAA,226.0,170.0,179.0,Y,Player,
friscfr01,1947,BBWAA,161.0,121.0,136.0,Y,Player,
galvipu01,1965,Veterans,,,,Y,Player,
gehrich01,1949,Run Off,187.0,,159.0,Y,Player,1st
gehrilo01,1939,Special Election,,,,Y,Player,
gibsobo01,1981,BBWAA,401.0,301.0,337.0,Y,Player,
gibsojo99,1972,Negro League,,,,Y,Player,
glavito02,2014,BBWAA,571.0,429.0,525.0,Y,Player,
gomezle01,1972,Veterans,,,,Y,Player,
gordojo01,2009,Veterans - Pre-1943,12.0,9.0,10.0,Y,Player,
gosligo01,1968,Veterans,,,,Y,Player,
gossari01,2008,BBWAA,543.0,408.0,466.0,Y,Player,
grantfr99,2006,Negro League,,,,Y,Player,
greenha01,1956,BBWAA,193.0,145.0,164.0,Y,Player,
griffcl01,1946,Old Timers,,,,Y,Player,
griffke02,2016,BBWAA,440.0,330.0,437.0,Y,Player,
grimebu01,1964,Veterans,,,,Y,Player,
grovele01,1947,BBWAA,161.0,121.0,123.0,Y,Player,
guerrvl01,2018,BBWAA,422.0,317.0,392.0,Y,Player,
gwynnto01,2007,BBWAA,545.0,409.0,532.0,Y,Player,
hafeych01,1971,Veterans,,,,Y,Player,
haineje01,1970,Veterans,,,,Y,Player,
hallaro01,2019,BBWAA,425.0,319.0,363.0,Y,Player,
hamilbi01,1961,Veterans,,,,Y,Player,
hartnga01,1955,BBWAA,251.0,189.0,195.0,Y,Player,
heilmha01,1952,BBWAA,234.0,176.0,203.0,Y,Player,
heltoto01,2024,BBWAA,385.0,289.0,307.0,Y,Player,
henderi01,2009,BBWAA,539.0,405.0,511.0,Y,Player,
hermabi01,1975,Veterans,,,,Y,Player,
hillpe99,2006,Negro League,,,,Y,Player,
hodgegi01,2022,Veterans - Golden Age Era,16.0,12.0,12.0,Y,Player,
hoffmtr01,2018,BBWAA,422.0,317.0,337.0,Y,Player,
hoopeha01,1971,Veterans,,,,Y,Player,
hornsro01,1942,BBWAA,233.0,175.0,182.0,Y,Player,
hoytwa01,1969,Veterans,,,,Y,Player,
hubbeca01,1947,BBWAA,161.0,121.0,140.0,Y,Player,
hunteca01,1987,BBWAA,413.0,310.0,315.0,Y,Player,
irvinmo01,1973,Negro League,,,,Y,Player,
jacksre01,1993,BBWAA,423.0,318.0,396.0,Y,Player,
jackstr01,1982,Veterans,,,,Y,Player,
jenkife01,1991,BBWAA,443.0,333.0,334.0,Y,Player,
jennihu01,1945,Old Timers,,,,Y,Player,
jeterde01,2020,BBWAA,397.0,298.0,396.0,Y,Player,
johnsju99,1975,Negro League,,,,Y,Player,
johnsra05,2015,BBWAA,549.0,412.0,534.0,Y,Player,
johnswa01,1936,BBWAA,226.0,170.0,189.0,Y,Player,
jonesch06,2018,BBWAA,422.0,317.0,410.0,Y,Player,
jossad01,1978,Veterans,,,,Y,Player,Inducted after being given credit for 10th season with 1911 spring training
kaatji01,2022,Veterans - Golden Age Era,16.0,12.0,12.0,Y,Player,
kalinal01,1980,BBWAA,385.0,289.0,340.0,Y,Player,
keefeti01,1964,Veterans,,,,Y,Player,
keelewi01,1939,BBWAA,274.0,206.0,207.0,Y,Player,
kellejo01,1971,Veterans,,,,Y,Player,
kellge01,1983,Veterans,,,,Y,Player,
kellyge01,1973,Veterans,,,,Y,Player,
kellyki01,1945,Old Timers,,,,Y,Player,
kentje01,2026,Contemporary Baseball Era,16.0,12.0,14.0,Y,Player,
killeha01,1984,BBWAA,403.0,303.0,335.0,Y,Player,
kinerra01,1975,BBWAA,362.0,272.0,273.0,Y,Player,
kleinch01,1980,Veterans,,,,Y,Player,
koufasa01,1972,BBWAA,396.0,297.0,344.0,Y,Player,
lajoina01,1937,BBWAA,201.0,151.0,168.0,Y,Player,
larkiba01,2012,BBWAA,573.0,430.0,495.0,Y,Player,
lazzeto01,1991,Veterans,16.0,12.0,,Y,Player,
lemonbo01,1976,BBWAA,388.0,291.0,305.0,Y,Player,
leonabu99,1972,Negro League,,,,Y,Player,
lindsfr01,1976,Veterans,,,,Y,Player,
lloydpo99,1977,Negro League,,,,Y,Player,
lombaer01,1986,Veterans,,,,Y,Player,
lyonste01,1955,BBWAA,251.0,189.0,217.0,Y,Player,
mackebi99,2006,Negro League,,,,Y,Player,
maddugr01,2014,BBWAA,571.0,429.0,555.0,Y,Player,
mantlmi01,1974,BBWAA,365.0,274.0,322.0,Y,Player,
manushe01,1964,Veterans,,,,Y,Player,
maranra01,1954,BBWAA,252.0,189.0,209.0,Y,Player,
maricju01,1983,BBWAA,374.0,281.0,313.0,Y,Player,
marquru01,1971,Veterans,,,,Y,Player,
martied01,2019,BBWAA,425.0,319.0,363.0,Y,Player,
martipe02,2015,BBWAA,549.0,412.0,500.0,Y,Player,
mathech01,1936,BBWAA,226.0,170.0,205.0,Y,Player,
matheed01,1978,BBWAA,379.0,285.0,301.0,Y,Player,
mauerjo01,2024,BBWAA,385.0,289.0,293.0,Y,Player,
mayswi01,1979,BBWAA,432.0,324.0,409.0,Y,Player,
mazerbi01,2001,Veterans,,,,Y,Player,
mccarto01,1946,Old Timers,,,,Y,Player,
mccovwi01,1986,BBWAA,425.0,319.0,346.0,Y,Player,
mcginjo01,1946,Old Timers,,,,Y,Player,
mcgrifr01,2023,Contemporary Era,16.0,12.0,16.0,Y,Player,
mcphebi01,2000,Veterans,,,,Y,Player,
medwijo01,1968,BBWAA,283.0,213.0,240.0,Y,Player,
mendejo99,2006,Negro League,,,,Y,Player,
minosmi01,2022,Veterans - Golden Age Era,16.0,12.0,14.0,Y,Player,
mizejo01,1981,Veterans,,,,Y,Player,
molitpa01,2004,BBWAA,506.0,380.0,431.0,Y,Player,
morgajo02,1990,BBWAA,444.0,333.0,363.0,Y,Player,
morrija02,2018,Veterans - Modern Baseball Era,16.0,12.0,14.0,Y,Player,
murraed02,2003,BBWAA,496.0,372.0,423.0,Y,Player,
musiast01,1969,BBWAA,340.0,255.0,317.0,Y,Player,
mussimi01,2019,BBWAA,425.0,319.0,326.0,Y,Player,
newhoha01,1992,Veterans,16.0,12.0,,Y,Player,
nichoki01,1949,Old Timers,,,,Y,Player,
niekrph01,1997,BBWAA,473.0,353.0,380.0,Y,Player,
olivato01,2022,Veterans - Golden Age Era,16.0,12.0,12.0,Y,Player,
orourji01,1945,Old Timers,,,,Y,Player,
ortizda01,2022,BBWAA,394.0,296.0,307.0,Y,Player,
ottme01,1951,BBWAA,226.0,170.0,197.0,Y,Player,
paigesa01,1971,Negro League,,,,Y,Player,
palmeji01,1990,BBWAA,444.0,333.0,411.0,Y,Player,
parkeda01,2025,Classic Baseball Era,16.0,12.0,14.0,Y,Player,
pennohe01,1948,BBWAA,121.0,91.0,94.0,Y,Player,
perezto01,2000,BBWAA,499.0,375.0,385.0,Y,Player,
perryga01,1991,BBWAA,443.0,333.0,342.0,Y,Player,
piazzmi01,2016,BBWAA,440.0,330.0,365.0,Y,Player,
planked01,1946,Old Timers,,,,Y,Player,
puckeki01,2001,BBWAA,515.0,387.0,423.0,Y,Player,
radboch01,1939,Old Timers,,,,Y,Player,
raineti01,2017,BBWAA,442.0,332.0,380.0,Y,Player,
reesepe01,1984,Veterans,,,,Y,Player,
riceji01,2009,BBWAA,539.0,405.0,412.0,Y,Player,
ricesa01,1963,Veterans,,,,Y,Player,Group B - Rule change removed from BBWAA ballot - two could be elected from Group B
ripkeca01,2007,BBWAA,545.0,409.0,537.0,Y,Player,
riverma01,2019,BBWAA,425.0,319.0,425.0,Y,Player,
rixeyep01,1963,Veterans,,,,Y,Player,Group B - Rule change removed from BBWAA ballot - two could be elected from Group B
rizzuph01,1994,Veterans,,,,Y,Player,
roberro01,1976,BBWAA,388.0,291.0,337.0,Y,Player,
robinbr01,1983,BBWAA,374.0,281.0,344.0,Y,Player,
robinfr02,1982,BBWAA,415.0,312.0,370.0,Y,Player,
robinja02,1962,BBWAA,160.0,120.0,124.0,Y,Player,
rodriiv01,2017,BBWAA,442.0,332.0,336.0,Y,Player,
roganbu99,1998,Veterans,,,,Y,Player,
rolensc01,2023,BBWAA,389.0,292.0,297.0,Y,Player,
roushed01,1962,Veterans,,,,Y,Player,
ruffire01,1967,Run Off,306.0,,266.0,Y,Player,Player receiving most votes inducted
rusieam01,1977,Veterans,,,,Y,Player,
ruthba01,1936,BBWAA,226.0,170.0,215.0,Y,Player,
ryanno01,1999,BBWAA,497.0,373.0,491.0,Y,Player,
sabatcc01,2025,BBWAA,394.0,296.0,342.0,Y,Player,
sandbry01,2005,BBWAA,516.0,387.0,393.0,Y,Player,
santolo99,2006,Negro League,,,,Y,Player,
santoro01,2012,Veterans - Golden Era,16.0,12.0,15.0,Y,Player,
schalra01,1955,Veterans,,,,Y,Player,
schmimi01,1995,BBWAA,460.0,345.0,444.0,Y,Player,
schoere01,1989,Veterans,,,,Y,Player,
seaveto01,1992,BBWAA,430.0,323.0,425.0,Y,Player,
seweljo01,1977,Veterans,,,,Y,Player,
simmoal01,1953,BBWAA,264.0,198.0,199.0,Y,Player,
simmote01,2020,Veterans - Modern Baseball Era,16.0,12.0,13.0,Y,Player,
sislege01,1939,BBWAA,274.0,206.0,235.0,Y,Player,
slaugen01,1985,Veterans,,,,Y,Player,
smithhi99,2001,Veterans,,,,Y,Player,
smithle02,2019,Veterans - Today's Game Era,16.0,12.0,16.0,Y,Player,
smithoz01,2002,BBWAA,472.0,354.0,433.0,Y,Player,
smoltjo01,2015,BBWAA,549.0,412.0,455.0,Y,Player,
snidedu01,1980,BBWAA,385.0,289.0,333.0,Y,Player,
spahnwa01,1973,BBWAA,380.0,285.0,316.0,Y,Player,
speaktr01,1937,BBWAA,201.0,151.0,165.0,Y,Player,
stargwi01,1988,BBWAA,427.0,321.0,352.0,Y,Player,
steartu99,2000,Veterans,,,,Y,Player,
suttebr01,2006,BBWAA,520.0,390.0,400.0,Y,Player,
suttlmu99,2006,Negro League,,,,Y,Player,
suttodo01,1998,BBWAA,473.0,355.0,386.0,Y,Player,
suzukic01,2025,BBWAA,394.0,296.0,393.0,Y,Player,
taylobe99,2006,Negro League,,,,Y,Player,
terrybi01,1954,BBWAA,252.0,189.0,195.0,Y,Player,
thomafr04,2014,BBWAA,571.0,429.0,478.0,Y,Player,
thomeji01,2018,BBWAA,422.0,317.0,379.0,Y,Player,
thompsa01,1974,Veterans,,,,Y,Player,
tinkejo01,1946,Old Timers,,,,Y,Player,
torricr99,2006,Negro League,,,,Y,Player,
trammal01,2018,Veterans - Modern Baseball Era,16.0,12.0,13.0,Y,Player,
traynpi01,1948,BBWAA,121.0,91.0,93.0,Y,Player,
vanceda01,1955,BBWAA,251.0,189.0,205.0,Y,Player,
vaughar01,1985,Veterans,,,,Y,Player,
wadderu01,1946,Old Timers,,,,Y,Player,
wagnebi02,2025,BBWAA,394.0,296.0,325.0,Y,Player,
wagneho01,1936,BBWAA,226.0,170.0,215.0,Y,Player,
walkela01,2020,BBWAA,397.0,298.0,304.0,Y,Player,
wallabo01,1953,Veterans,,,,Y,Player,
walshed01,1946,Old Timers,,,,Y,Player,
wanerll01,1967,Veterans,12.0,9.0,12.0,Y,Player,Inducted by unanimous vote from 12-man committee
wanerpa01,1952,BBWAA,234.0,176.0,195.0,Y,Player,
wardjo01,1964,Veterans,,,,Y,Player,
welchmi01,1973,Veterans,,,,Y,Player,
wellswi99,1997,Veterans,,,,Y,Player,
wheatza01,1959,Veterans,,,,Y,Player,
whitede01,2013,Veterans - Pre-Integration Era,16.0,12.0,14.0,Y,Player,
wilheho01,1985,BBWAA,395.0,297.0,331.0,Y,Player,
willibi01,1987,BBWAA,413.0,310.0,354.0,Y,Player,
willijo99,1999,Veterans,,,,Y,Player,
willite01,1966,BBWAA,302.0,227.0,282.0,Y,Player,
willivi01,1995,Veterans,,,,Y,Player,
wilsoha01,1979,Veterans,,,,Y,Player,
wilsoju99,2006,Negro League,,,,Y,Player,
winfida01,2001,BBWAA,515.0,387.0,435.0,Y,Player,
wynnea01,1972,BBWAA,396.0,297.0,301.0,Y,Player,
yastrca01,1989,BBWAA,447.0,336.0,423.0,Y,Player,
youngcy01,1937,BBWAA,201.0,151.0,153.0,Y,Player,
youngro01,1972,Veterans,,,,Y,Player,
yountro01,1999,BBWAA,497.0,373.0,385.0,Y,Player,
